	creation_time	session_id	project_id	action_id	action_params	parent_display_id	child_display_id
0	2016-08-14 12:44:05	1	1	1	"{""field"":""eth_src"",""aggregations"":[],""groupPriority"":0}"	1	2
1	2016-08-14 12:44:08	1	1	2	"{""field"":""ip_src"",""aggregations"":[],""groupPriority"":1}"	2	3
2	2016-08-15 09:40:42	2	1	3	"{""field"":""eth_src"",""aggregations"":[{""field"":""length"",""type"":""avg""}],""groupPriority"":0}"	4	5
3	2016-08-15 13:13:54	2	1	4	"{""field"":""ip_src"",""aggregations"":[{""field"":""length"",""type"":""avg""}],""groupPriority"":0}"	4	6
4	2016-08-15 13:14:10	2	1	5	"{""field"":""ip_src"",""aggregations"":[],""groupPriority"":0}"	4	7
5	2016-08-15 13:15:13	2	1	6	"{""field"":""info_line"",""term"":""reply"",""condition"":16}"	7	8
6	2016-08-15 13:16:34	2	1	8	"{""field"":""highest_layer"",""term"":""ICMP"",""condition"":512}"	7	10
7	2016-08-15 13:17:24	2	1	10	"{""field"":""highest_layer"",""term"":""SMB"",""condition"":512}"	7	12
8	2016-08-15 13:17:47	2	1	12	"{""field"":""tcp_dstport"",""term"":""443"",""condition"":8}"	12	14
9	2016-08-15 13:18:11	2	1	13	"{""field"":""tcp_dstport"",""term"":""445"",""condition"":8}"	12	15
10	2016-08-15 13:23:04	2	1	14	"{""field"":""ip_dst"",""term"":""192.168.1.122"",""condition"":8}"	4	16
11	2016-08-15 13:25:19	2	1	15	"{""field"":""ip_src"",""aggregations"":[{""field"":""length"",""type"":""avg""}],""groupPriority"":0}"	4	17
12	2016-08-15 13:27:26	2	1	16	"{""field"":""ip_src"",""aggregations"":[{""field"":""length"",""type"":""sum""}],""groupPriority"":0}"	4	18
13	2016-08-22 14:54:45	7	1	49	"{""field"":""eth_src"",""aggregations"":[],""groupPriority"":0}"	55	56
14	2016-08-22 14:54:53	7	1	50	"{""field"":""ip_src"",""aggregations"":[],""groupPriority"":1}"	56	57
15	2016-08-22 14:55:13	7	1	51	"{""field"":""highest_layer"",""aggregations"":[],""groupPriority"":2}"	57	58
16	2016-08-22 14:55:35	7	1	52	"{""field"":""tcp_dstport"",""aggregations"":[],""groupPriority"":3}"	58	59
17	2016-08-22 15:00:05	7	1	53	"{""field"":""ip_dst"",""aggregations"":[],""groupPriority"":2}"	57	60
18	2016-08-22 15:07:44	7	1	55	"{""field"":""ip_dst"",""term"":""82.108.10.174"",""condition"":8}"	57	62
19	2016-08-22 15:09:48	7	1	56	"{""field"": ""tcp_stream"", ""term"": ""43"", ""condition"": 8}"	55	63
20	2016-08-22 15:11:10	7	1	57	"{""field"":""ip_dst"",""term"":""82.108.10.174"",""condition"":8}"	55	64
21	2016-08-22 16:43:59	9	2	83	"{""field"":""ip_src"",""aggregations"":[],""groupPriority"":0}"	91	92
22	2016-08-22 16:44:01	9	2	84	"{""field"":""ip_dst"",""aggregations"":[],""groupPriority"":1}"	92	93
23	2016-08-22 16:44:29	9	2	85	"{""field"":""highest_layer"",""aggregations"":[],""groupPriority"":0}"	91	94
24	2016-08-22 16:45:21	9	2	86	"{""field"":""tcp_stream"",""aggregations"":[{""field"":""ip_src"",""type"":""min""},{""field"":""ip_dst"",""type"":""max""},{""field"":""length"",""type"":""sum""}],""groupPriority"":0}"	91	95
25	2016-08-22 16:45:47	9	2	87	"{""field"":""highest_layer"",""term"":""TCP"",""condition"":512}"	95	96
26	2016-08-23 17:19:43	11	1	92	"{""field"":""highest_layer"",""aggregations"":[{""field"":""tcp_srcport"",""type"":""min""},{""field"":""info_line"",""type"":""max""}],""groupPriority"":0}"	101	103
27	2016-08-23 17:20:20	11	1	94	"{""field"":""ip_src"",""aggregations"":[{""field"":""tcp_srcport"",""type"":""min""},{""field"":""info_line"",""type"":""max""}],""groupPriority"":1}"	103	105
28	2016-08-23 17:21:57	11	1	95	"{""field"":""ip_dst"",""aggregations"":[{""field"":""tcp_srcport"",""type"":""min""},{""field"":""info_line"",""type"":""max""}],""groupPriority"":2}"	105	106
29	2016-08-23 17:22:00	11	1	96	"{""field"":""ip_dst"",""direction"":""asc""}"	105	107
30	2016-08-23 17:26:23	11	1	97	"{""field"":""ip_dst"",""aggregations"":[{""field"":""tcp_srcport"",""type"":""min""},{""field"":""info_line"",""type"":""max""}],""groupPriority"":2}"	103	108
31	2016-08-23 17:27:49	12	2	98	"{""field"":""ip_src"",""aggregations"":[],""groupPriority"":0}"	109	110
32	2016-08-23 17:28:03	12	2	99	"{""field"":""highest_layer"",""aggregations"":[],""groupPriority"":1}"	110	111
33	2016-08-23 17:29:18	12	2	100	"{""field"":""tcp_stream"",""aggregations"":[{""field"":""length"",""type"":""sum""}],""groupPriority"":0}"	109	114
34	2016-08-23 17:29:58	12	2	102	"{""field"":""tcp_stream"",""aggregations"":[{""field"":""ip_src"",""type"":""min""},{""field"":""ip_dst"",""type"":""max""}],""groupPriority"":0}"	109	117
35	2016-08-23 17:30:12	12	2	104	"{""field"":""highest_layer"",""term"":""TCP"",""condition"":512}"	117	119
36	2016-08-23 17:37:45	17	1	115	"{""field"":""highest_layer"",""aggregations"":[],""groupPriority"":0}"	132	133
37	2016-08-23 17:37:57	17	1	116	"{""field"":""eth_src"",""aggregations"":[],""groupPriority"":0}"	132	134
38	2016-08-23 17:38:03	17	1	117	"{""field"":""ip_src"",""aggregations"":[],""groupPriority"":1}"	134	135
39	2016-08-23 17:40:36	17	1	119	"{""field"":""info_line"",""term"":""Echo (ping) reply"",""condition"":16}"	132	137
40	2016-08-23 17:40:48	17	1	120	"{""field"":""ip_src"",""aggregations"":[],""groupPriority"":0}"	137	138
41	2016-08-23 17:41:25	17	1	121	"{""field"":""highest_layer"",""aggregations"":[],""groupPriority"":0}"	132	139
42	2016-08-23 17:41:42	17	1	122	"{""field"":""highest_layer"",""term"":""ICMP"",""condition"":512}"	132	140
43	2016-08-23 17:42:05	17	1	123	"{""field"":""tcp_dstport"",""aggregations"":[],""groupPriority"":0}"	140	141
44	2016-08-23 17:43:16	17	1	124	"{""field"":""ip_dst"",""term"":""192.168.1.122"",""condition"":512}"	141	142
45	2016-08-23 17:43:50	17	1	125	"{""field"":""ip_dst"",""aggregations"":[],""groupPriority"":1}"	142	143
46	2016-08-27 15:53:21	23	1	218	"{""field"":""highest_layer"",""term"":""ICMP"",""condition"":8}"	241	242
47	2016-08-27 15:53:29	23	1	219	"{""field"":""ip_dst"",""direction"":""asc""}"	242	243
48	2016-08-27 15:54:17	23	1	220	"{""field"":""ip_src"",""term"":""192.168.1.122"",""condition"":8}"	243	244
49	2016-08-27 15:57:55	23	1	221	"{""field"":""ip_dst"",""term"":""82.108.163.88"",""condition"":8}"	241	245
50	2016-08-27 15:59:07	23	1	223	"{""field"":""ip_src"",""term"":""192.168.1.122"",""condition"":8}"	241	247
51	2016-08-27 15:59:44	23	1	224	"{""field"":""tcp_dstport"",""aggregations"":[{""field"":""ip_dst"",""type"":""count""}],""groupPriority"":0}"	247	248
52	2016-08-27 16:01:37	23	1	225	"{""field"":""ip_dst"",""direction"":""asc""}"	248	249
53	2016-08-27 16:02:53	23	1	226	"{""field"":""info_line"",""term"":""SYN"",""condition"":16}"	241	250
54	2016-08-27 16:03:09	23	1	227	"{""field"":""ip_src"",""term"":""192.168.1.122"",""condition"":512}"	250	251
55	2016-08-27 16:05:21	23	1	228	"{""field"":""tcp_stream"",""term"":""0"",""condition"":32}"	241	252
56	2016-08-27 16:06:05	23	1	229	"{""field"":""tcp_dstport"",""aggregations"":[{""field"":""tcp_stream"",""type"":""count""}],""groupPriority"":0}"	252	253
57	2016-08-27 16:06:45	23	1	231	"{""field"":""ip_src"",""term"":""192.168.1.122"",""condition"":8}"	253	255
58	2016-08-27 20:56:30	33	1	324	"{""field"":""highest_layer"",""term"":""ICMP"",""condition"":512}"	356	357
59	2016-08-27 20:57:10	33	1	328	"{""field"":""ip_dst"",""term"":""192.168.1.1"",""condition"":8}"	356	361
60	2016-08-27 20:57:46	33	1	329	"{""field"":""ip_dst"",""term"":""192.168.1.122"",""condition"":8}"	356	362
61	2016-08-27 20:57:54	33	1	330	"{""field"":""highest_layer"",""term"":""ICMP"",""condition"":8}"	362	363
62	2016-08-27 20:58:02	33	1	331	"{""field"":""info_line"",""term"":""Echo (ping) reply"",""condition"":16}"	363	364
63	2016-08-27 20:58:10	33	1	332	"{""field"":""ip_src"",""aggregations"":[],""groupPriority"":0}"	364	365
64	2016-08-27 20:58:28	33	1	333	"{""field"":""highest_layer"",""term"":""TCP"",""condition"":8}"	362	366
65	2016-08-27 20:58:40	33	1	334	"{""field"":""info_line"",""term"":""SYN"",""condition"":16}"	366	367
66	2016-08-27 20:59:12	33	1	335	"{""field"":""ip_src"",""term"":""192.168.1.122"",""condition"":512}"	356	368
67	2016-08-31 17:22:57	49	1	443	"{""field"":""ip_src"",""aggregations"":[{""field"":""info_line"",""type"":""count""}],""groupPriority"":0}"	493	495
68	2016-08-31 17:23:22	49	1	444	"{""field"":""ip_dst"",""aggregations"":[{""field"":""ip_src"",""type"":""min""}],""groupPriority"":0}"	493	496
69	2016-09-01 21:06:12	55	1	451	"{""field"":""ip_src"",""direction"":""asc""}"	508	509
70	2016-09-01 21:06:38	55	1	452	"{""field"":""ip_src"",""term"":""192.168.1.122"",""condition"":16}"	509	510
71	2016-09-01 21:08:01	55	1	454	"{""field"":""ip_src"",""visible"":false}"	509	513
72	2016-09-01 21:10:10	55	1	455	"{""field"":""ip_src"",""aggregations"":[{""field"":""highest_layer"",""type"":""count""}],""groupPriority"":0}"	508	514
73	2016-09-01 21:26:58	55	1	458	"{""field"":""ip_dst"",""term"":""192.168.1.122"",""condition"":16}"	508	517
74	2016-09-01 21:27:32	55	1	459	"{""field"":""highest_layer"",""term"":""TCP"",""condition"":16}"	517	518
75	2016-09-02 17:31:02	57	2	479	"{""field"":""highest_layer"",""aggregations"":[],""groupPriority"":0}"	538	539
76	2016-09-02 17:35:02	57	2	480	"{""field"":""tcp_stream"",""aggregations"":[],""groupPriority"":0}"	538	540
77	2016-09-02 17:50:44	57	2	481	"{""field"":""info_line"",""term"":""Nzmx"",""condition"":16}"	540	541
78	2016-09-02 17:53:08	57	2	482	"{""field"":""tcp_stream"",""term"":""3"",""condition"":8}"	540	542
79	2016-09-02 17:53:36	57	2	483	"{""field"":""ip_src"",""term"":""98.114.205.102"",""condition"":16}"	542	543
80	2016-09-02 17:54:46	57	2	484	"{""field"":""ip_src"",""aggregations"":[],""groupPriority"":1}"	542	544
81	2016-09-02 17:55:31	57	2	485	"{""field"":""ip_src"",""aggregations"":[{""field"":""length"",""type"":""sum""}],""groupPriority"":1}"	542	545
82	2016-09-06 17:57:33	63	1	519	"{""field"":""ip_src"",""aggregations"":[],""groupPriority"":0}"	585	586
83	2016-09-06 18:30:55	63	1	520	"{""field"":""ip_dst"",""aggregations"":[],""groupPriority"":0}"	585	587
84	2016-09-06 18:31:07	63	1	521	"{""field"":""highest_layer"",""aggregations"":[],""groupPriority"":0}"	585	588
85	2016-09-06 18:31:29	63	1	522	"{""field"":""tcp_stream"",""aggregations"":[],""groupPriority"":0}"	585	589
86	2016-09-06 18:35:17	63	1	523	"{""field"":""ip_src"",""aggregations"":[],""groupPriority"":0}"	585	590
87	2016-09-08 23:51:32	74	2	555	"{""field"":""ip_src"",""aggregations"":[],""groupPriority"":0}"	633	634
88	2016-09-08 23:51:54	74	2	556	"{""field"":""ip_src"",""aggregations"":[],""groupPriority"":0}"	633	635
89	2016-09-08 23:52:11	74	2	557	"{""field"":""ip_src"",""aggregations"":[{""field"":""ip_dst"",""type"":""count""}],""groupPriority"":0}"	633	636
90	2016-09-08 23:52:46	74	2	558	"{""field"":""ip_dst"",""aggregations"":[{""field"":""ip_src"",""type"":""count""}],""groupPriority"":0}"	633	637
91	2016-09-08 23:53:33	74	2	559	"{""field"":""tcp_dstport"",""aggregations"":[{""field"":""ip_src"",""type"":""count""}],""groupPriority"":0}"	633	638
92	2016-09-08 23:53:56	74	2	560	"{""field"": ""tcp_dstport"", ""term"": ""2152"", ""condition"": 8}"	633	639
93	2016-09-08 23:54:12	74	2	561	"{""field"":""tcp_srcport"",""aggregations"":[{""field"":""tcp_dstport"",""type"":""count""}],""groupPriority"":0}"	633	640
94	2016-09-08 23:54:46	74	2	562	"{""field"": ""tcp_dstport"", ""term"": ""8884"", ""condition"": 8}"	633	641
95	2016-09-08 23:55:08	74	2	563	"{""field"":""info_line"",""term"":""SYN"",""condition"":16}"	633	642
96	2016-09-18 15:27:32	94	2	614	"{""field"":""highest_layer"",""direction"":""asc""}"	712	713
97	2016-09-18 23:06:06	130	1	679	"{""field"":""highest_layer"",""aggregations"":[],""groupPriority"":0}"	809	813
98	2016-09-18 23:07:07	130	1	680	"{""field"":""ip_src"",""aggregations"":[],""groupPriority"":1}"	813	814
99	2016-09-18 23:09:19	130	1	681	"{""field"":""ip_dst"",""aggregations"":[],""groupPriority"":2}"	814	815
100	2016-09-18 23:18:29	130	1	684	"{""field"":""ip_dst"",""aggregations"":[],""groupPriority"":1}"	814	821
101	2016-09-19 07:22:14	142	2	704	"{""field"":""length"",""direction"":""desc""}"	849	850
102	2016-09-19 07:23:23	142	2	705	"{""field"":""info_line"",""term"":""LLENGE, Error: STATUS_MORE_PROCE"",""condition"":16}"	850	851
103	2016-09-19 13:05:45	161	4	724	"{""field"":""info_line"",""term"":""SYN"",""condition"":16}"	892	893
104	2016-09-19 13:06:05	161	4	726	"{""field"":""ip_src"",""term"":""10.42.42.253"",""condition"":16}"	893	895
105	2016-09-19 23:23:03	178	2	816	"{""field"":""number"",""aggregations"":[],""groupPriority"":0}"	1001	1002
106	2016-09-29 14:45:19	196	1	940	"{""field"":""sniff_timestamp"",""direction"":""asc""}"	1156	1157
107	2016-09-29 14:46:17	196	1	941	"{""field"":""ip_src"",""aggregations"":[],""groupPriority"":0}"	1157	1158
108	2016-09-29 14:56:05	196	1	942	"{""field"":""info_line"",""term"":""reply"",""condition"":16}"	1157	1159
109	2016-09-29 14:57:36	196	1	943	"{""field"":""ip_src"",""term"":""82.108.171.155"",""condition"":16}"	1157	1160
110	2016-09-29 14:59:18	196	1	944	"{""field"":""ip_dst"",""term"":""82.108.171.155"",""condition"":16}"	1157	1161
111	2016-09-29 15:04:50	197	2	945	"{""field"":""ip_src"",""aggregations"":[],""groupPriority"":0}"	1162	1163
112	2016-09-29 15:04:56	197	2	946	"{""field"":""ip_dst"",""aggregations"":[],""groupPriority"":0}"	1162	1164
113	2016-09-29 15:06:22	197	2	947	"{""field"":""tcp_dstport"",""aggregations"":[],""groupPriority"":0}"	1162	1165
114	2016-09-29 15:57:56	197	2	948	"{""field"":""highest_layer"",""term"":""SOCKS"",""condition"":16}"	1162	1166
115	2016-09-29 15:58:44	197	2	949	"{""field"":""length"",""aggregations"":[],""groupPriority"":0}"	1166	1167
116	2016-10-09 18:52:23	222	1	1080	"{""field"":""ip_src"",""aggregations"":[],""groupPriority"":0}"	1222	1333
117	2016-10-09 18:56:25	222	1	1130	"{""field"":""highest_layer"",""aggregations"":[],""groupPriority"":1}"	1333	1388
118	2016-10-09 18:56:52	222	1	1136	"{""field"":""highest_layer"",""aggregations"":[],""groupPriority"":0}"	1333	1394
119	2016-10-09 18:57:54	222	1	1144	"{""field"":""eth_src"",""aggregations"":[],""groupPriority"":0}"	1333	1402
120	2016-10-09 18:58:49	222	1	1163	"{""field"":""ip_src"",""aggregations"":[],""groupPriority"":0}"	1333	1421
121	2016-10-09 18:59:06	222	1	1165	"{""field"":""eth_src"",""aggregations"":[],""groupPriority"":0}"	1333	1423
122	2016-10-09 18:59:11	222	1	1166	"{""field"":""ip_src"",""aggregations"":[],""groupPriority"":1}"	1423	1424
123	2016-10-09 19:05:17	222	1	1199	"{""field"":""ip_src"",""term"":""192.168.1.122"",""condition"":2}"	1333	1460
124	2016-10-09 19:06:09	222	1	1205	"{""field"":""ip_dst"",""term"":""82.108.24.168"",""condition"":4}"	1333	1466
125	2016-10-09 19:06:33	222	1	1214	"{""field"":""ip_dst"",""term"":""82.108.84.10"",""condition"":4}"	1333	1475
126	2016-10-09 19:08:05	222	1	1221	"{""field"":""ip_src"",""term"":""192.168.1.122"",""condition"":2}"	1333	1482
127	2016-10-09 19:08:19	222	1	1226	"{""field"":""highest_layer"",""aggregations"":[],""groupPriority"":0}"	1482	1487
128	2016-10-09 19:12:28	222	1	1259	"{""field"":""tcp_stream"",""term"":""0"",""condition"":32}"	1487	1520
129	2016-10-09 19:31:30	222	1	1385	"{""field"":""highest_layer"",""aggregations"":[],""groupPriority"":0}"	1482	1687
130	2016-10-09 19:31:46	222	1	1387	"{""field"":""ip_src"",""aggregations"":[],""groupPriority"":0}"	1333	1693
131	2016-10-09 19:31:50	222	1	1388	"{""field"":""ip_dst"",""aggregations"":[],""groupPriority"":1}"	1333	1694
132	2016-10-09 19:32:07	222	1	1394	"{""field"":""highest_layer"",""aggregations"":[],""groupPriority"":2}"	1694	1700
133	2016-10-09 18:51:09	226	1	1070	"{""field"":""eth_src"",""aggregations"":[],""groupPriority"":0}"	1226	1322
134	2016-10-09 18:53:37	226	1	1102	"{""field"":""highest_layer"",""term"":""ICMP"",""condition"":16}"	1226	1356
135	2016-10-09 18:53:45	226	1	1104	"{""field"":""ip_src"",""aggregations"":[],""groupPriority"":0}"	1356	1359
136	2016-10-09 18:54:23	226	1	1111	"{""field"":""ip_dst"",""aggregations"":[],""groupPriority"":1}"	1359	1366
137	2016-10-09 18:54:52	226	1	1114	"{""field"":""eth_src"",""direction"":""desc""}"	1366	1370
138	2016-10-09 19:13:22	226	1	1267	"{""field"":""highest_layer"",""term"":""TCP"",""condition"":16}"	1370	1529
139	2016-10-09 19:13:32	226	1	1268	"{""field"":""ip_src"",""term"":""192.168.1.122"",""condition"":16}"	1529	1530
140	2016-10-09 19:15:20	226	1	1286	"{""field"":""highest_layer"",""term"":""TCP"",""condition"":16}"	1226	1549
141	2016-10-09 19:15:30	226	1	1287	"{""field"":""ip_src"",""term"":""192.168.1.122"",""condition"":16}"	1549	1550
142	2016-10-09 19:22:15	226	1	1320	"{""field"":""ip_dst"",""aggregations"":[],""groupPriority"":0}"	1550	1593
143	2016-10-09 18:53:57	239	1	1107	"{""field"":""ip_src"",""aggregations"":[{""field"":""tcp_stream"",""type"":""max""}],""groupPriority"":0}"	1354	1362
144	2016-10-09 18:53:48	240	1	1105	"{""field"":""ip_src"",""aggregations"":[],""groupPriority"":0}"	1357	1360
145	2016-10-09 18:53:51	240	1	1106	"{""field"":""ip_dst"",""aggregations"":[],""groupPriority"":1}"	1360	1361
146	2016-10-09 19:05:25	245	1	1200	"{""field"":""eth_src"",""aggregations"":[],""groupPriority"":0}"	1457	1461
147	2016-10-09 19:11:32	245	1	1248	"{""field"":""ip_src"",""aggregations"":[],""groupPriority"":0}"	1457	1509
148	2016-10-09 19:13:08	245	1	1265	"{""field"":""highest_layer"",""term"":""TCP"",""condition"":8}"	1509	1527
149	2016-10-09 19:14:56	245	1	1282	"{""field"": ""tcp_dstport"", ""term"": ""445"", ""condition"": 8}"	1527	1545
150	2016-10-09 19:09:19	246	1	1232	"{""field"":""ip_src"",""aggregations"":[],""groupPriority"":0}"	1459	1493
151	2016-10-09 19:10:58	246	1	1244	"{""field"":""tcp_stream"",""aggregations"":[],""groupPriority"":0}"	1459	1505
152	2016-10-09 19:11:07	246	1	1246	"{""field"":""tcp_stream"",""direction"":""desc""}"	1505	1507
153	2016-10-09 19:11:48	246	1	1253	"{""field"": ""tcp_stream"", ""term"": ""1"", ""condition"": 8}"	1459	1514
154	2016-10-09 19:11:54	246	1	1254	"{""field"":""tcp_stream"",""aggregations"":[],""groupPriority"":0}"	1514	1515
155	2016-10-09 19:14:14	246	1	1275	"{""field"":""highest_layer"",""term"":""TCP"",""condition"":16}"	1459	1537
156	2016-10-09 19:14:32	246	1	1277	"{""field"":""tcp_stream"",""aggregations"":[{""field"":""number"",""type"":""count""}],""groupPriority"":0}"	1537	1539
157	2016-10-09 19:16:00	246	1	1289	"{""field"":""ip_src"",""term"":""192.168.1.122"",""condition"":16}"	1537	1552
158	2016-10-09 19:16:11	246	1	1290	"{""field"":""tcp_dstport"",""aggregations"":[],""groupPriority"":0}"	1552	1553
159	2016-10-09 19:16:25	246	1	1291	"{""field"":""tcp_stream"",""aggregations"":[],""groupPriority"":1}"	1553	1554
160	2016-10-09 19:18:03	251	1	1299	"{""field"":""ip_src"",""aggregations"":[],""groupPriority"":0}"	1564	1565
161	2016-10-09 19:18:27	251	1	1301	"{""field"":""tcp_dstport"",""term"":""0"",""condition"":32}"	1564	1567
162	2016-10-09 19:18:32	251	1	1302	"{""field"":""tcp_stream"",""aggregations"":[],""groupPriority"":0}"	1567	1568
163	2016-10-09 19:19:46	251	1	1310	"{""field"":""ip_dst"",""term"":""192.169.1.122"",""condition"":16}"	1564	1576
164	2016-10-09 19:20:52	252	1	1311	"{""field"":""tcp_stream"",""aggregations"":[{""field"":""ip_src"",""type"":""min""},{""field"":""ip_dst"",""type"":""max""}],""groupPriority"":0}"	1577	1578
165	2016-10-09 19:21:02	252	1	1312	"{""field"":""ip_dst"",""term"":""82.108.163.88"",""condition"":16}"	1578	1579
166	2016-10-09 19:25:36	252	1	1347	"{""field"":""highest_layer"",""aggregations"":[{""field"":""ip_src"",""type"":""min""},{""field"":""ip_dst"",""type"":""max""}],""groupPriority"":1}"	1578	1628
167	2016-10-09 19:21:36	253	1	1314	"{""field"":""highest_layer"",""aggregations"":[],""groupPriority"":1}"	1580	1583
168	2016-10-09 19:23:07	253	1	1327	"{""field"":""highest_layer"",""term"":""ICMP"",""condition"":16}"	1580	1601
169	2016-10-09 19:23:23	253	1	1328	"{""field"":""ip_src"",""direction"":""asc""}"	1601	1603
170	2016-10-09 19:23:28	253	1	1330	"{""field"":""ip_src"",""aggregations"":[],""groupPriority"":0}"	1601	1605
171	2016-10-09 19:24:10	253	1	1336	"{""field"":""ip_src"",""term"":""192.168.1.122"",""condition"":512}"	1601	1614
172	2016-10-09 19:24:24	253	1	1339	"{""field"":""ip_src"",""aggregations"":[],""groupPriority"":0}"	1614	1617
173	2016-10-09 19:21:57	256	1	1315	"{""field"":""ip_src"",""aggregations"":[],""groupPriority"":0}"	1585	1587
174	2016-10-09 19:22:43	256	1	1325	"{""field"":""ip_dst"",""aggregations"":[],""groupPriority"":0}"	1585	1598
175	2016-10-09 19:23:43	256	1	1332	"{""field"":""ip_src"",""term"":""192.168.1.122"",""condition"":512}"	1598	1607
176	2016-10-09 19:25:04	256	1	1344	"{""field"":""tcp_stream"",""term"":""0"",""condition"":64}"	1585	1623
177	2016-10-09 19:25:09	256	1	1345	"{""field"":""tcp_stream"",""aggregations"":[],""groupPriority"":0}"	1623	1625
178	2016-10-09 19:25:51	256	1	1352	"{""field"":""tcp_stream"",""aggregations"":[{""field"":""ip_src"",""type"":""max""},{""field"":""ip_dst"",""type"":""min""}],""groupPriority"":0}"	1623	1633
179	2016-10-09 19:24:38	258	1	1341	"{""field"":""ip_src"",""aggregations"":[],""groupPriority"":0}"	1588	1620
180	2016-10-09 19:25:04	258	1	1343	"{""field"":""highest_layer"",""aggregations"":[],""groupPriority"":1}"	1620	1622
181	2016-10-09 19:26:15	258	1	1356	"{""field"":""info_line"",""term"":""Echo"",""condition"":16}"	1622	1637
182	2016-10-09 19:25:16	260	1	1346	"{""field"":""ip_src"",""aggregations"":[],""groupPriority"":0}"	1624	1626
183	2016-10-09 19:25:50	260	1	1351	"{""field"":""tcp_stream"",""term"":""0"",""condition"":64}"	1624	1632
184	2016-10-09 19:26:09	260	1	1354	"{""field"":""tcp_stream"",""aggregations"":[],""groupPriority"":0}"	1632	1635
185	2016-10-09 19:29:43	267	1	1376	"{""field"":""info_line"",""term"":""reply"",""condition"":16}"	1667	1669
186	2016-10-09 19:30:19	267	1	1380	"{""field"":""tcp_stream"",""term"":""0"",""condition"":32}"	1667	1673
187	2016-10-09 19:30:33	267	1	1381	"{""field"":""tcp_stream"",""aggregations"":[{""field"":""ip_src"",""type"":""min""},{""field"":""ip_dst"",""type"":""max""}],""groupPriority"":0}"	1673	1680
188	2016-10-09 19:30:51	268	2	1382	"{""field"":""highest_layer"",""aggregations"":[],""groupPriority"":0}"	1679	1682
189	2016-10-09 19:38:28	268	2	1409	"{""field"":""tcp_stream"",""term"":""0"",""condition"":64}"	1679	1721
190	2016-10-09 19:38:33	268	2	1411	"{""field"":""tcp_stream"",""aggregations"":[],""groupPriority"":0}"	1721	1723
191	2016-10-09 19:32:22	273	2	1395	"{""field"":""tcp_stream"",""term"":""0"",""condition"":32}"	1690	1701
192	2016-10-09 19:32:26	273	2	1396	"{""field"":""tcp_stream"",""aggregations"":[],""groupPriority"":0}"	1701	1702
193	2016-10-09 19:46:24	273	2	1434	"{""field"":""tcp_stream"",""aggregations"":[{""field"":""length"",""type"":""sum""}],""groupPriority"":0}"	1701	1748
194	2016-10-09 19:31:54	274	2	1391	"{""field"":""ip_src"",""aggregations"":[],""groupPriority"":0}"	1689	1697
195	2016-10-09 19:32:58	274	2	1400	"{""field"":""highest_layer"",""term"":""SMB"",""condition"":16}"	1689	1706
196	2016-10-09 19:38:24	274	2	1408	"{""field"":""highest_layer"",""aggregations"":[],""groupPriority"":0}"	1689	1720
197	2016-10-09 19:38:32	274	2	1410	"{""field"":""tcp_stream"",""aggregations"":[],""groupPriority"":1}"	1720	1722
198	2016-10-09 19:45:42	281	2	1425	"{""field"":""highest_layer"",""direction"":""asc""}"	1735	1738
199	2016-10-09 19:45:45	281	2	1427	"{""field"":""highest_layer"",""aggregations"":[],""groupPriority"":0}"	1738	1740
200	2016-10-09 19:46:08	281	2	1432	"{""field"":""tcp_stream"",""aggregations"":[{""field"":""length"",""type"":""sum""}],""groupPriority"":1}"	1740	1745
201	2016-10-09 19:49:54	284	2	1447	"{""field"":""tcp_stream"",""aggregations"":[],""groupPriority"":0}"	1762	1765
202	2016-10-09 19:52:46	284	2	1462	"{""field"":""highest_layer"",""aggregations"":[],""groupPriority"":1}"	1765	1784
203	2016-10-09 19:49:58	285	2	1448	"{""field"":""ip_src"",""aggregations"":[],""groupPriority"":0}"	1763	1766
204	2016-10-09 19:50:21	285	2	1449	"{""field"":""tcp_stream"",""aggregations"":[],""groupPriority"":0}"	1763	1767
205	2016-10-09 19:50:48	286	2	1451	"{""field"":""tcp_stream"",""aggregations"":[],""groupPriority"":0}"	1764	1772
206	2016-10-09 19:51:01	286	2	1452	"{""field"":""ip_src"",""aggregations"":[],""groupPriority"":1}"	1772	1773
207	2016-10-09 19:51:19	286	2	1455	"{""field"":""highest_layer"",""aggregations"":[],""groupPriority"":2}"	1773	1776
208	2016-10-09 19:51:03	289	2	1453	"{""field"":""ip_src"",""aggregations"":[],""groupPriority"":0}"	1771	1774
209	2016-10-09 19:51:21	289	2	1456	"{""field"":""tcp_stream"",""term"":""0"",""condition"":64}"	1771	1777
210	2016-10-09 19:51:34	289	2	1458	"{""field"":""tcp_stream"",""aggregations"":[],""groupPriority"":0}"	1777	1779
211	2016-10-09 19:52:00	289	2	1460	"{""field"":""highest_layer"",""aggregations"":[],""groupPriority"":1}"	1779	1782
212	2016-10-09 19:53:56	291	2	1464	"{""field"":""tcp_stream"",""aggregations"":[{""field"":""ip_src"",""type"":""min""},{""field"":""ip_dst"",""type"":""max""},{""field"":""length"",""type"":""sum""}],""groupPriority"":0}"	1785	1788
213	2016-10-09 19:54:06	291	2	1467	"{""field"":""highest_layer"",""aggregations"":[{""field"":""ip_src"",""type"":""min""},{""field"":""ip_dst"",""type"":""max""},{""field"":""length"",""type"":""sum""}],""groupPriority"":1}"	1788	1793
214	2016-10-09 19:54:34	291	2	1471	"{""field"":""tcp_stream"",""term"":""0"",""condition"":32}"	1793	1798
215	2016-10-09 19:53:30	292	2	1463	"{""field"":""ip_dst"",""direction"":""desc""}"	1786	1787
216	2016-10-09 19:53:56	292	2	1465	"{""field"":""tcp_stream"",""aggregations"":[{""field"":""ip_src"",""type"":""min""},{""field"":""ip_dst"",""type"":""max""},{""field"":""length"",""type"":""sum""}],""groupPriority"":0}"	1787	1789
217	2016-10-09 19:54:04	292	2	1466	"{""field"":""highest_layer"",""direction"":""asc""}"	1789	1792
218	2016-10-09 19:54:08	292	2	1468	"{""field"":""highest_layer"",""aggregations"":[{""field"":""ip_src"",""type"":""min""},{""field"":""ip_dst"",""type"":""max""},{""field"":""length"",""type"":""sum""}],""groupPriority"":1}"	1792	1794
219	2016-10-09 19:54:28	292	2	1470	"{""field"":""tcp_stream"",""term"":""0"",""condition"":32}"	1794	1797
220	2016-10-09 19:54:16	294	2	1469	"{""field"":""tcp_stream"",""aggregations"":[{""field"":""length"",""type"":""sum""}],""groupPriority"":0}"	1791	1795
221	2016-10-09 20:02:57	301	3	1505	"{""field"":""tcp_stream"",""term"":""0"",""condition"":32}"	1818	1840
222	2016-10-09 20:16:41	302	3	1562	"{""field"":""ip_src"",""aggregations"":[],""groupPriority"":0}"	1819	1902
223	2016-10-09 20:16:42	302	3	1563	"{""field"":""ip_dst"",""aggregations"":[],""groupPriority"":1}"	1819	1903
224	2016-10-09 20:17:31	302	3	1566	"{""field"":""ip_dst"",""term"":""192.168.56.50"",""condition"":16}"	1903	1906
225	2016-10-09 20:18:41	302	3	1570	"{""field"":""ip_dst"",""term"":""192.168.56.52"",""condition"":16}"	1903	1910
226	2016-10-09 20:19:57	302	3	1581	"{""field"":""ip_src"",""term"":""192.168.56.52"",""condition"":16}"	1903	1921
227	2016-10-09 20:11:53	304	3	1532	"{""field"":""ip_src"",""aggregations"":[],""groupPriority"":0}"	1823	1871
228	2016-10-09 20:13:27	304	3	1540	"{""field"":""ip_dst"",""aggregations"":[],""groupPriority"":1}"	1871	1880
229	2016-10-09 20:21:13	304	3	1585	"{""field"":""highest_layer"",""aggregations"":[],""groupPriority"":1}"	1871	1925
230	2016-10-09 20:25:35	304	3	1601	"{""field"":""length"",""aggregations"":[],""groupPriority"":2}"	1925	1942
231	2016-10-09 20:25:57	304	3	1604	"{""field"":""ip_dst"",""aggregations"":[],""groupPriority"":2}"	1925	1945
232	2016-10-09 20:08:23	307	2	1523	"{""field"":""highest_layer"",""aggregations"":[],""groupPriority"":0}"	1860	1861
233	2016-10-09 20:10:01	307	2	1530	"{""field"":""tcp_stream"",""aggregations"":[{""field"":""tcp_srcport"",""type"":""min""},{""field"":""tcp_dstport"",""type"":""max""},{""field"":""length"",""type"":""sum""}],""groupPriority"":0}"	1860	1869
234	2016-10-09 20:25:11	310	3	1599	"{""field"":""tcp_stream"",""term"":""0"",""condition"":32}"	1934	1940
235	2016-10-09 20:25:15	310	3	1600	"{""field"":""tcp_stream"",""aggregations"":[{""field"":""ip_src"",""type"":""min""},{""field"":""ip_dst"",""type"":""max""}],""groupPriority"":0}"	1940	1941
236	2016-10-09 20:26:44	311	3	1607	"{""field"":""tcp_stream"",""aggregations"":[],""groupPriority"":0}"	1947	1949
237	2016-10-09 20:26:47	311	3	1609	"{""field"":""highest_layer"",""aggregations"":[],""groupPriority"":0}"	1949	1951
238	2016-10-09 20:26:51	311	3	1610	"{""field"":""ip_dst"",""aggregations"":[],""groupPriority"":1}"	1951	1952
239	2016-10-12 15:12:30	313	3	1645	"{""field"":""eth_src"",""aggregations"":[{""field"":""number"",""type"":""count""},{""field"":""ip_src"",""type"":""min""},{""field"":""ip_dst"",""type"":""max""}],""groupPriority"":0}"	1988	1989
240	2016-10-12 15:12:48	313	3	1646	"{""field"":""highest_layer"",""aggregations"":[{""field"":""number"",""type"":""count""}],""groupPriority"":0}"	1988	1990
241	2016-10-12 15:13:04	313	3	1647	"{""field"": ""tcp_dstport"", ""term"": ""80"", ""condition"": 8}"	1988	1991
242	2016-10-12 15:13:20	313	3	1648	"{""field"":""tcp_stream"",""aggregations"":[{""field"":""number"",""type"":""count""},{""field"":""ip_src"",""type"":""min""},{""field"":""ip_dst"",""type"":""max""}],""groupPriority"":0}"	1991	1992
243	2016-10-12 15:22:44	313	3	1649	"{""field"":""info_line"",""term"":""load.php?e=1"",""condition"":16}"	1988	1993
244	2016-10-12 15:24:08	313	3	1650	"{""field"": ""tcp_stream"", ""term"": ""5"", ""condition"": 8}"	1988	1994
245	2016-10-12 15:25:40	313	3	1651	"{""field"": ""tcp_stream"", ""term"": ""17"", ""condition"": 8}"	1988	1995
246	2016-10-19 11:34:58	364	2	1851	"{""field"":""eth_src"",""aggregations"":[],""groupPriority"":0}"	2233	2239
247	2016-10-19 11:35:00	364	2	1853	"{""field"":""ip_src"",""aggregations"":[],""groupPriority"":1}"	2239	2241
248	2016-10-19 11:36:26	364	2	1874	"{""field"":""ip_src"",""aggregations"":[],""groupPriority"":0}"	2239	2267
249	2016-10-19 11:36:27	364	2	1875	"{""field"":""ip_dst"",""aggregations"":[],""groupPriority"":1}"	2239	2268
250	2016-10-19 11:45:07	364	2	1999	"{""field"":""highest_layer"",""aggregations"":[],""groupPriority"":0}"	2233	2408
251	2016-10-19 11:46:34	364	2	2015	"{""field"":""ip_src"",""aggregations"":[],""groupPriority"":0}"	2233	2424
252	2016-10-19 11:47:02	364	2	2029	"{""field"":""ip_dst"",""aggregations"":[],""groupPriority"":1}"	2424	2439
253	2016-10-19 11:48:01	364	2	2053	"{""field"":""tcp_stream"",""aggregations"":[],""groupPriority"":0}"	2424	2463
254	2016-10-19 11:51:18	364	2	2103	"{""field"":""highest_layer"",""aggregations"":[{""field"":""ip_src"",""type"":""min""},{""field"":""ip_dst"",""type"":""max""}],""groupPriority"":1}"	2463	2514
255	2016-10-19 11:53:33	364	2	2130	"{""field"":""highest_layer"",""aggregations"":[],""groupPriority"":0}"	2233	2541
256	2016-10-19 11:54:47	364	2	2143	"{""field"":""eth_src"",""aggregations"":[],""groupPriority"":1}"	2541	2554
257	2016-10-19 11:59:00	364	2	2156	"{""field"":""length"",""direction"":""asc""}"	2233	2567
258	2016-10-19 12:00:08	364	2	2171	"{""field"":""tcp_stream"",""aggregations"":[],""groupPriority"":0}"	2233	2584
259	2016-10-19 12:00:10	364	2	2172	"{""field"":""tcp_stream"",""direction"":""asc""}"	2233	2585
260	2016-10-19 12:00:46	364	2	2173	"{""field"":""highest_layer"",""aggregations"":[],""groupPriority"":1}"	2585	2586
261	2016-10-19 12:02:00	364	2	2182	"{""field"":""highest_layer"",""direction"":""asc""}"	2586	2596
262	2016-10-19 12:02:25	364	2	2184	"{""field"":""ip_src"",""aggregations"":[],""groupPriority"":2}"	2586	2598
263	2016-10-19 11:34:58	365	2	1852	"{""field"":""ip_src"",""aggregations"":[],""groupPriority"":0}"	2236	2240
264	2016-10-19 11:36:09	365	2	1870	"{""field"":""highest_layer"",""aggregations"":[],""groupPriority"":1}"	2240	2262
265	2016-10-19 11:36:44	365	2	1878	"{""field"":""highest_layer"",""direction"":""asc""}"	2262	2272
266	2016-10-19 11:35:52	366	2	1868	"{""field"":""eth_src"",""aggregations"":[],""groupPriority"":0}"	2237	2259
267	2016-10-19 11:35:54	366	2	1869	"{""field"":""ip_src"",""aggregations"":[],""groupPriority"":1}"	2259	2260
268	2016-10-19 11:38:00	366	2	1894	"{""field"":""highest_layer"",""aggregations"":[{""field"":""length"",""type"":""sum""}],""groupPriority"":0}"	2237	2291
269	2016-10-19 11:48:00	366	2	2052	"{""field"":""ip_src"",""aggregations"":[{""field"":""ip_dst"",""type"":""max""},{""field"":""tcp_srcport"",""type"":""min""}],""groupPriority"":0}"	2237	2462
270	2016-10-19 11:48:03	366	2	2054	"{""field"":""ip_dst"",""aggregations"":[{""field"":""tcp_srcport"",""type"":""min""}],""groupPriority"":1}"	2462	2464
271	2016-10-19 11:48:51	366	2	2067	"{""field"":""tcp_srcport"",""aggregations"":[],""groupPriority"":2}"	2464	2477
272	2016-10-19 11:49:27	366	2	2079	"{""field"":""tcp_stream"",""aggregations"":[{""field"":""tcp_srcport"",""type"":""min""}],""groupPriority"":2}"	2464	2490
273	2016-10-19 12:01:36	366	2	2180	"{""field"":""eth_src"",""aggregations"":[{""field"":""length"",""type"":""sum""}],""groupPriority"":0}"	2462	2594
274	2016-10-19 12:01:37	366	2	2181	"{""field"":""ip_src"",""aggregations"":[{""field"":""length"",""type"":""sum""}],""groupPriority"":1}"	2462	2595
275	2016-10-19 12:02:07	366	2	2183	"{""field"":""highest_layer"",""aggregations"":[{""field"":""length"",""type"":""sum""}],""groupPriority"":0}"	2237	2597
276	2016-10-19 12:02:53	366	2	2186	"{""field"":""ip_src"",""aggregations"":[{""field"":""tcp_srcport"",""type"":""min""},{""field"":""tcp_dstport"",""type"":""max""},{""field"":""length"",""type"":""sum""}],""groupPriority"":0}"	2237	2601
277	2016-10-19 12:02:56	366	2	2187	"{""field"":""ip_dst"",""aggregations"":[{""field"":""tcp_srcport"",""type"":""min""},{""field"":""tcp_dstport"",""type"":""max""},{""field"":""length"",""type"":""sum""}],""groupPriority"":1}"	2601	2602
278	2016-10-19 12:03:21	366	2	2190	"{""field"":""tcp_stream"",""aggregations"":[{""field"":""tcp_srcport"",""type"":""min""},{""field"":""tcp_dstport"",""type"":""max""},{""field"":""length"",""type"":""sum""}],""groupPriority"":2}"	2602	2606
279	2016-10-19 11:38:19	368	2	1895	"{""field"":""eth_src"",""aggregations"":[],""groupPriority"":0}"	2257	2293
280	2016-10-19 11:39:04	368	2	1901	"{""field"":""ip_src"",""aggregations"":[],""groupPriority"":1}"	2293	2301
281	2016-10-19 11:42:24	383	2	1932	"{""field"":""eth_src"",""aggregations"":[{""field"":""length"",""type"":""sum""}],""groupPriority"":0}"	2333	2335
282	2016-10-19 11:47:01	383	2	2028	"{""field"":""tcp_stream"",""aggregations"":[{""field"":""length"",""type"":""sum""}],""groupPriority"":0}"	2333	2438
283	2016-10-19 11:47:22	383	2	2041	"{""field"":""highest_layer"",""aggregations"":[],""groupPriority"":0}"	2333	2451
284	2016-10-19 11:52:17	383	2	2113	"{""field"":""highest_layer"",""term"":""TCP"",""condition"":16}"	2333	2524
285	2016-10-19 11:58:43	383	2	2155	"{""field"":""tcp_stream"",""direction"":""asc""}"	2333	2566
286	2016-10-19 11:59:03	383	2	2158	"{""field"":""tcp_stream"",""aggregations"":[],""groupPriority"":0}"	2566	2569
287	2016-10-19 12:09:50	383	2	2242	"{""field"":""ip_src"",""aggregations"":[],""groupPriority"":0}"	2566	2670
288	2016-10-19 11:46:15	387	2	2011	"{""field"":""highest_layer"",""aggregations"":[],""groupPriority"":0}"	2389	2420
289	2016-10-19 11:47:28	387	2	2045	"{""field"":""eth_src"",""aggregations"":[],""groupPriority"":0}"	2389	2455
290	2016-10-19 11:47:38	387	2	2049	"{""field"":""ip_src"",""aggregations"":[],""groupPriority"":1}"	2455	2459
291	2016-10-19 11:49:21	387	2	2077	"{""field"":""sniff_timestamp"",""direction"":""asc""}"	2459	2488
292	2016-10-19 11:53:39	387	2	2132	"{""field"":""tcp_stream"",""aggregations"":[],""groupPriority"":2}"	2488	2543
293	2016-10-19 11:59:24	390	2	2164	"{""field"":""eth_src"",""aggregations"":[],""groupPriority"":0}"	2574	2576
294	2016-10-19 11:59:34	390	2	2166	"{""field"":""ip_src"",""aggregations"":[],""groupPriority"":1}"	2574	2578
295	2016-10-19 11:59:50	390	2	2169	"{""field"":""highest_layer"",""aggregations"":[],""groupPriority"":0}"	2578	2582
296	2016-10-19 12:00:07	390	2	2170	"{""field"":""tcp_stream"",""aggregations"":[],""groupPriority"":0}"	2578	2583
297	2016-10-19 12:03:30	393	2	2191	"{""field"":""eth_src"",""aggregations"":[],""groupPriority"":0}"	2605	2607
298	2016-10-19 12:03:31	393	2	2192	"{""field"":""ip_src"",""aggregations"":[],""groupPriority"":1}"	2605	2608
299	2016-10-19 12:06:12	397	2	2202	"{""field"":""eth_src"",""aggregations"":[],""groupPriority"":0}"	2622	2624
300	2016-10-19 12:06:52	397	2	2212	"{""field"":""tcp_dstport"",""aggregations"":[],""groupPriority"":0}"	2622	2636
301	2016-10-19 12:06:52	397	2	2213	"{""field"":""ip_src"",""aggregations"":[],""groupPriority"":1}"	2622	2637
302	2016-10-19 12:07:03	397	2	2217	"{""field"":""highest_layer"",""direction"":""asc""}"	2637	2641
303	2016-10-19 12:07:33	397	2	2223	"{""field"":""ip_src"",""term"":""98.114.205.102"",""condition"":16}"	2641	2647
304	2016-10-19 12:06:16	399	2	2203	"{""field"":""ip_src"",""aggregations"":[],""groupPriority"":0}"	2621	2625
305	2016-10-19 12:06:33	399	2	2208	"{""field"":""ip_dst"",""aggregations"":[],""groupPriority"":1}"	2625	2632
306	2016-10-19 12:07:08	399	2	2219	"{""field"":""highest_layer"",""aggregations"":[],""groupPriority"":1}"	2625	2643
307	2016-10-19 12:07:55	399	2	2229	"{""field"":""ip_src"",""direction"":""asc""}"	2643	2654
308	2016-10-19 12:08:15	399	2	2230	"{""field"":""tcp_stream"",""direction"":""asc""}"	2621	2655
309	2016-10-19 12:08:18	399	2	2231	"{""field"":""tcp_stream"",""aggregations"":[],""groupPriority"":0}"	2655	2656
310	2016-10-19 12:06:58	401	2	2214	"{""field"":""eth_dst"",""aggregations"":[],""groupPriority"":0}"	2627	2638
311	2016-10-19 12:07:00	401	2	2215	"{""field"":""ip_src"",""aggregations"":[],""groupPriority"":1}"	2627	2639
312	2016-10-19 12:07:02	401	2	2216	"{""field"":""ip_dst"",""direction"":""asc""}"	2638	2640
313	2016-10-19 12:07:08	401	2	2218	"{""field"":""ip_dst"",""aggregations"":[],""groupPriority"":2}"	2640	2642
314	2016-10-19 12:08:28	402	2	2232	"{""field"":""ip_src"",""aggregations"":[],""groupPriority"":0}"	2653	2657
315	2016-10-19 12:08:50	402	2	2234	"{""field"":""info_line"",""term"":""SYN"",""condition"":16}"	2657	2660
316	2016-10-19 12:09:34	402	2	2241	"{""field"":""tcp_dstport"",""aggregations"":[],""groupPriority"":0}"	2657	2668
317	2016-10-19 12:10:17	402	2	2246	"{""field"":""tcp_stream"",""aggregations"":[],""groupPriority"":0}"	2657	2676
318	2016-10-19 12:10:30	406	4	2248	"{""field"":""eth_src"",""aggregations"":[],""groupPriority"":0}"	2671	2678
319	2016-10-19 12:11:49	406	4	2260	"{""field"":""ip_src"",""aggregations"":[],""groupPriority"":1}"	2678	2695
320	2016-10-19 12:20:46	406	4	2310	"{""field"":""tcp_stream"",""aggregations"":[],""groupPriority"":0}"	2671	2755
321	2016-10-19 12:10:58	409	2	2250	"{""field"":""ip_src"",""direction"":""asc""}"	2679	2682
322	2016-10-19 12:10:58	409	2	2251	"{""field"":""ip_src"",""aggregations"":[],""groupPriority"":0}"	2679	2683
323	2016-10-19 12:11:00	409	2	2252	"{""field"":""ip_dst"",""aggregations"":[],""groupPriority"":1}"	2679	2684
324	2016-10-19 12:11:59	409	2	2264	"{""field"":""tcp_stream"",""aggregations"":[],""groupPriority"":0}"	2679	2699
325	2016-10-19 12:11:58	410	2	2263	"{""field"":""highest_layer"",""aggregations"":[],""groupPriority"":2}"	2688	2698
326	2016-10-19 12:12:55	410	2	2284	"{""field"":""tcp_stream"",""aggregations"":[{""field"":""ip_src"",""type"":""min""},{""field"":""ip_dst"",""type"":""max""}],""groupPriority"":0}"	2688	2720
327	2016-10-19 12:15:21	415	4	2293	"{""field"":""ip_src"",""aggregations"":[],""groupPriority"":1}"	2728	2732
328	2016-10-19 12:15:36	415	4	2295	"{""field"":""tcp_srcport"",""aggregations"":[],""groupPriority"":2}"	2728	2735
329	2016-10-19 12:22:16	427	4	2317	"{""field"":""tcp_stream"",""aggregations"":[],""groupPriority"":0}"	2749	2766
330	2016-10-19 12:37:33	427	4	2394	"{""field"":""ip_src"",""aggregations"":[],""groupPriority"":0}"	2749	2859
331	2016-10-19 12:37:38	427	4	2395	"{""field"":""ip_dst"",""aggregations"":[],""groupPriority"":1}"	2749	2860
332	2016-10-19 12:38:43	427	4	2399	"{""field"":""highest_layer"",""aggregations"":[{""field"":""tcp_srcport"",""type"":""max""},{""field"":""tcp_dstport"",""type"":""min""}],""groupPriority"":2}"	2860	2866
333	2016-10-19 12:41:42	427	4	2422	"{""field"":""tcp_stream"",""aggregations"":[],""groupPriority"":2}"	2860	2891
334	2016-10-19 12:50:19	427	4	2479	"{""field"": ""tcp_srcport"", ""term"": ""135"", ""condition"": 8}"	2749	2951
335	2016-10-19 12:52:44	427	4	2489	"{""field"":""ip_src"",""aggregations"":[],""groupPriority"":0}"	2749	2969
336	2016-10-19 12:52:55	427	4	2490	"{""field"":""ip_dst"",""aggregations"":[],""groupPriority"":1}"	2749	2970
337	2016-10-19 12:56:45	427	4	2508	"{""field"":""highest_layer"",""term"":""TCP"",""condition"":8}"	2749	2993
338	2016-10-19 13:10:40	427	4	2587	"{""field"":""tcp_dstport"",""aggregations"":[],""groupPriority"":2}"	2993	3085
339	2016-10-19 13:18:00	427	4	2628	"{""field"":""info_line"",""term"":""[SYN , ACK]"",""condition"":16}"	3085	3129
340	2016-10-19 12:22:07	431	2	2316	"{""field"":""ip_src"",""aggregations"":[],""groupPriority"":0}"	2762	2765
341	2016-10-19 12:22:32	431	2	2319	"{""field"":""ip_dst"",""aggregations"":[],""groupPriority"":1}"	2765	2768
342	2016-10-19 12:23:00	431	2	2322	"{""field"":""highest_layer"",""aggregations"":[],""groupPriority"":2}"	2768	2771
343	2016-10-19 12:23:21	431	2	2325	"{""field"":""tcp_stream"",""aggregations"":[],""groupPriority"":1}"	2768	2776
344	2016-10-19 12:23:57	436	2	2329	"{""field"":""ip_src"",""aggregations"":[],""groupPriority"":1}"	2777	2782
345	2016-10-19 12:24:35	436	2	2334	"{""field"":""highest_layer"",""aggregations"":[],""groupPriority"":0}"	2782	2787
346	2016-10-19 12:24:59	436	2	2336	"{""field"":""ip_src"",""aggregations"":[],""groupPriority"":0}"	2787	2789
347	2016-10-19 12:25:09	436	2	2338	"{""field"":""ip_dst"",""aggregations"":[],""groupPriority"":1}"	2787	2791
348	2016-10-19 12:25:36	436	2	2343	"{""field"":""tcp_stream"",""aggregations"":[],""groupPriority"":2}"	2791	2796
349	2016-10-19 12:33:27	450	4	2365	"{""field"":""eth_src"",""aggregations"":[],""groupPriority"":0}"	2815	2825
350	2016-10-19 12:33:32	450	4	2369	"{""field"":""ip_src"",""aggregations"":[],""groupPriority"":1}"	2815	2830
351	2016-10-19 12:36:51	450	4	2390	"{""field"":""highest_layer"",""aggregations"":[],""groupPriority"":0}"	2815	2853
352	2016-10-19 12:43:14	450	4	2435	"{""field"":""tcp_stream"",""direction"":""asc""}"	2815	2906
353	2016-10-19 12:47:46	450	4	2466	"{""field"":""ip_src"",""aggregations"":[],""groupPriority"":1}"	2815	2938
354	2016-10-19 12:33:04	451	4	2363	"{""field"":""tcp_stream"",""direction"":""asc""}"	2816	2823
355	2016-10-19 12:33:42	451	4	2371	"{""field"":""eth_src"",""aggregations"":[{""field"":""length"",""type"":""sum""}],""groupPriority"":0}"	2816	2832
356	2016-10-19 12:40:01	451	4	2411	"{""field"":""info_line"",""term"":""[RST, ACK]"",""condition"":16}"	2816	2879
357	2016-10-19 12:47:41	451	4	2465	"{""field"":""tcp_stream"",""aggregations"":[{""field"":""length"",""type"":""max""}]}"	2816	2937
358	2016-10-19 12:56:58	451	4	2510	"{""field"":""highest_layer"",""aggregations"":[{""field"":""length"",""type"":""sum""}],""groupPriority"":0}"	2816	2995
359	2016-10-19 12:32:28	454	2	2359	"{""field"":""ip_src"",""aggregations"":[],""groupPriority"":1}"	2818	2819
360	2016-10-19 12:32:29	454	2	2360	"{""field"":""ip_dst"",""aggregations"":[],""groupPriority"":2}"	2818	2820
361	2016-10-19 12:37:18	462	2	2392	"{""field"":""eth_src"",""aggregations"":[],""groupPriority"":0}"	2854	2856
362	2016-10-19 12:37:19	462	2	2393	"{""field"":""ip_src"",""aggregations"":[],""groupPriority"":1}"	2856	2857
363	2016-10-19 12:38:20	462	2	2398	"{""field"":""highest_layer"",""aggregations"":[],""groupPriority"":0}"	2854	2864
364	2016-10-19 12:38:49	462	2	2400	"{""field"":""tcp_stream"",""aggregations"":[],""groupPriority"":0}"	2864	2868
365	2016-10-19 12:38:50	462	2	2402	"{""field"":""tcp_stream"",""direction"":""asc""}"	2864	2870
366	2016-10-19 12:42:02	468	4	2425	"{""field"":""ip_src"",""aggregations"":[],""groupPriority"":1}"	2892	2895
367	2016-10-19 12:57:28	468	4	2514	"{""field"":""highest_layer"",""term"":""DHCP"",""condition"":16}"	2966	3000
368	2016-10-19 12:57:58	468	4	2516	"{""field"":""highest_layer"",""term"":""BOOTP"",""condition"":16}"	2966	3002
369	2016-10-19 13:02:51	468	4	2533	"{""field"":""highest_layer"",""direction"":""desc""}"	3002	3023
370	2016-10-19 13:03:23	480	4	2537	"{""field"":""ip_src"",""aggregations"":[],""groupPriority"":0}"	3028	3030
371	2016-10-19 13:04:52	480	4	2548	"{""field"":""tcp_stream"",""aggregations"":[],""groupPriority"":0}"	3028	3041
372	2016-10-19 13:05:45	482	4	2555	"{""field"":""ip_src"",""aggregations"":[],""groupPriority"":0}"	3048	3049
373	2016-10-19 13:06:00	482	4	2556	"{""field"":""ip_dst"",""aggregations"":[],""groupPriority"":1}"	3049	3051
374	2016-10-19 13:07:28	482	4	2562	"{""field"":""tcp_dstport"",""aggregations"":[],""groupPriority"":2}"	3051	3057
375	2016-10-19 13:07:39	482	4	2563	"{""field"":""highest_layer"",""aggregations"":[],""groupPriority"":3}"	3057	3058
376	2016-10-19 13:09:41	482	4	2571	"{""field"":""tcp_stream"",""aggregations"":[],""groupPriority"":0}"	3048	3068
377	2016-10-19 13:10:13	482	4	2581	"{""field"":""info_line"",""term"":""[SYN, ACK]"",""condition"":16}"	3068	3078
378	2016-10-19 13:14:43	487	4	2605	"{""field"":""ip_src"",""aggregations"":[],""groupPriority"":0}"	3104	3106
379	2016-10-19 13:14:47	487	4	2606	"{""field"":""eth_src"",""aggregations"":[],""groupPriority"":1}"	3104	3107
380	2016-10-19 13:15:25	487	4	2613	"{""field"":""ip_src"",""direction"":""desc""}"	3107	3114
381	2016-10-19 13:15:31	487	4	2614	"{""field"":""highest_layer"",""aggregations"":[],""groupPriority"":0}"	3114	3115
382	2016-10-19 13:16:20	487	4	2618	"{""field"":""ip_src"",""aggregations"":[],""groupPriority"":0}"	3115	3119
383	2016-10-19 13:16:32	487	4	2619	"{""field"":""ip_dst"",""aggregations"":[],""groupPriority"":1}"	3119	3120
384	2016-10-19 13:18:41	487	4	2634	"{""field"":""tcp_stream"",""term"":""0"",""condition"":64}"	3120	3135
385	2016-10-19 13:19:56	487	4	2644	"{""field"":""info_line"",""term"":""[SYN, ACK]"",""condition"":16}"	3135	3147
386	2016-10-19 13:20:10	487	4	2648	"{""field"":""tcp_srcport"",""aggregations"":[],""groupPriority"":1}"	3135	3151
387	2016-10-19 13:24:54	492	4	2668	"{""field"":""info_line"",""term"":""[SYN, ACK]"",""condition"":16}"	3173	3176
388	2016-10-19 13:25:17	492	4	2670	"{""field"":""tcp_dstport"",""aggregations"":[],""groupPriority"":0}"	3176	3178
389	2016-10-19 13:27:59	494	4	2679	"{""field"":""eth_src"",""aggregations"":[],""groupPriority"":0}"	3186	3189
390	2016-10-19 13:28:09	494	4	2681	"{""field"":""ip_src"",""aggregations"":[],""groupPriority"":1}"	3189	3191
391	2016-10-19 13:28:50	494	4	2684	"{""field"":""highest_layer"",""aggregations"":[],""groupPriority"":0}"	3186	3195
392	2016-10-19 13:29:32	494	4	2686	"{""field"":""ip_dst"",""aggregations"":[],""groupPriority"":1}"	3195	3197
393	2016-10-19 13:29:37	494	4	2687	"{""field"":""ip_src"",""aggregations"":[],""groupPriority"":0}"	3195	3198
394	2016-10-19 13:30:34	494	4	2690	"{""field"":""tcp_stream"",""term"":""0"",""condition"":64}"	3198	3202
395	2016-10-19 13:32:36	494	4	2700	"{""field"":""info_line"",""term"":""[SYN, ACK]"",""condition"":16}"	3198	3213
396	2016-10-19 13:33:04	494	4	2703	"{""field"":""tcp_srcport"",""aggregations"":[],""groupPriority"":1}"	3213	3216
397	2016-10-19 13:28:41	495	4	2682	"{""field"":""ip_src"",""aggregations"":[],""groupPriority"":0}"	3192	3193
398	2016-10-19 13:28:46	495	4	2683	"{""field"":""ip_dst"",""aggregations"":[],""groupPriority"":1}"	3192	3194
