"creation_time"	"session_id"	"project_id"	"action_id"	"action_params"	"parent_display_id"	"child_display_id"
"2016-08-14 12:44:05"	1	1	1	"{\"field\":\"eth_src\",\"aggregations\":[],\"groupPriority\":0}"	1	2
"2016-08-14 12:44:08"	1	1	2	"{\"field\":\"ip_src\",\"aggregations\":[],\"groupPriority\":1}"	2	3
"2016-08-15 09:40:42"	2	1	3	"{\"field\":\"eth_src\",\"aggregations\":[{\"field\":\"length\",\"type\":\"avg\"}],\"groupPriority\":0}"	4	5
"2016-08-15 13:13:54"	2	1	4	"{\"field\":\"ip_src\",\"aggregations\":[{\"field\":\"length\",\"type\":\"avg\"}],\"groupPriority\":0}"	4	6
"2016-08-15 13:14:10"	2	1	5	"{\"field\":\"ip_src\",\"aggregations\":[],\"groupPriority\":0}"	4	7
"2016-08-15 13:15:13"	2	1	6	"{\"field\":\"info_line\",\"term\":\"reply\",\"condition\":16}"	7	8
"2016-08-15 13:16:34"	2	1	8	"{\"field\":\"highest_layer\",\"term\":\"ICMP\",\"condition\":512}"	7	10
"2016-08-15 13:17:24"	2	1	10	"{\"field\":\"highest_layer\",\"term\":\"SMB\",\"condition\":512}"	7	12
"2016-08-15 13:17:47"	2	1	12	"{\"field\":\"tcp_dstport\",\"term\":\"443\",\"condition\":8}"	12	14
"2016-08-15 13:18:11"	2	1	13	"{\"field\":\"tcp_dstport\",\"term\":\"445\",\"condition\":8}"	12	15
"2016-08-15 13:23:04"	2	1	14	"{\"field\":\"ip_dst\",\"term\":\"192.168.1.122\",\"condition\":8}"	4	16
"2016-08-15 13:25:19"	2	1	15	"{\"field\":\"ip_src\",\"aggregations\":[{\"field\":\"length\",\"type\":\"avg\"}],\"groupPriority\":0}"	4	17
"2016-08-15 13:27:26"	2	1	16	"{\"field\":\"ip_src\",\"aggregations\":[{\"field\":\"length\",\"type\":\"sum\"}],\"groupPriority\":0}"	4	18
"2016-08-22 14:54:45"	7	1	49	"{\"field\":\"eth_src\",\"aggregations\":[],\"groupPriority\":0}"	55	56
"2016-08-22 14:54:53"	7	1	50	"{\"field\":\"ip_src\",\"aggregations\":[],\"groupPriority\":1}"	56	57
"2016-08-22 14:55:13"	7	1	51	"{\"field\":\"highest_layer\",\"aggregations\":[],\"groupPriority\":2}"	57	58
"2016-08-22 14:55:35"	7	1	52	"{\"field\":\"tcp_dstport\",\"aggregations\":[],\"groupPriority\":3}"	58	59
"2016-08-22 15:00:05"	7	1	53	"{\"field\":\"ip_dst\",\"aggregations\":[],\"groupPriority\":2}"	57	60
"2016-08-22 15:07:44"	7	1	55	"{\"field\":\"ip_dst\",\"term\":\"82.108.10.174\",\"condition\":8}"	57	62
"2016-08-22 15:09:48"	7	1	56	"{\"field\":\"tcp_stream\",\"term\":\"43\",\"condition\":16}"	55	63
"2016-08-22 15:11:10"	7	1	57	"{\"field\":\"ip_dst\",\"term\":\"82.108.10.174\",\"condition\":8}"	55	64
"2016-08-22 16:43:59"	9	2	83	"{\"field\":\"ip_src\",\"aggregations\":[],\"groupPriority\":0}"	91	92
"2016-08-22 16:44:01"	9	2	84	"{\"field\":\"ip_dst\",\"aggregations\":[],\"groupPriority\":1}"	92	93
"2016-08-22 16:44:29"	9	2	85	"{\"field\":\"highest_layer\",\"aggregations\":[],\"groupPriority\":0}"	91	94
"2016-08-22 16:45:21"	9	2	86	"{\"field\":\"tcp_stream\",\"aggregations\":[{\"field\":\"ip_src\",\"type\":\"min\"},{\"field\":\"ip_dst\",\"type\":\"max\"},{\"field\":\"length\",\"type\":\"sum\"}],\"groupPriority\":0}"	91	95
"2016-08-22 16:45:47"	9	2	87	"{\"field\":\"highest_layer\",\"term\":\"TCP\",\"condition\":512}"	95	96
"2016-08-23 17:19:43"	11	1	92	"{\"field\":\"highest_layer\",\"aggregations\":[{\"field\":\"tcp_srcport\",\"type\":\"min\"},{\"field\":\"info_line\",\"type\":\"max\"}],\"groupPriority\":0}"	101	103
"2016-08-23 17:20:20"	11	1	94	"{\"field\":\"ip_src\",\"aggregations\":[{\"field\":\"tcp_srcport\",\"type\":\"min\"},{\"field\":\"info_line\",\"type\":\"max\"}],\"groupPriority\":1}"	103	105
"2016-08-23 17:21:57"	11	1	95	"{\"field\":\"ip_dst\",\"aggregations\":[{\"field\":\"tcp_srcport\",\"type\":\"min\"},{\"field\":\"info_line\",\"type\":\"max\"}],\"groupPriority\":2}"	105	106
"2016-08-23 17:22:00"	11	1	96	"{\"field\":\"ip_dst\",\"direction\":\"asc\"}"	105	107
"2016-08-23 17:26:23"	11	1	97	"{\"field\":\"ip_dst\",\"aggregations\":[{\"field\":\"tcp_srcport\",\"type\":\"min\"},{\"field\":\"info_line\",\"type\":\"max\"}],\"groupPriority\":2}"	103	108
"2016-08-23 17:27:49"	12	2	98	"{\"field\":\"ip_src\",\"aggregations\":[],\"groupPriority\":0}"	109	110
"2016-08-23 17:28:03"	12	2	99	"{\"field\":\"highest_layer\",\"aggregations\":[],\"groupPriority\":1}"	110	111
"2016-08-23 17:29:18"	12	2	100	"{\"field\":\"tcp_stream\",\"aggregations\":[{\"field\":\"length\",\"type\":\"sum\"}],\"groupPriority\":0}"	109	114
"2016-08-23 17:29:58"	12	2	102	"{\"field\":\"tcp_stream\",\"aggregations\":[{\"field\":\"ip_src\",\"type\":\"min\"},{\"field\":\"ip_dst\",\"type\":\"max\"}],\"groupPriority\":0}"	109	117
"2016-08-23 17:30:12"	12	2	104	"{\"field\":\"highest_layer\",\"term\":\"TCP\",\"condition\":512}"	117	119
"2016-08-23 17:37:45"	17	1	115	"{\"field\":\"highest_layer\",\"aggregations\":[],\"groupPriority\":0}"	132	133
"2016-08-23 17:37:57"	17	1	116	"{\"field\":\"eth_src\",\"aggregations\":[],\"groupPriority\":0}"	132	134
"2016-08-23 17:38:03"	17	1	117	"{\"field\":\"ip_src\",\"aggregations\":[],\"groupPriority\":1}"	134	135
"2016-08-23 17:40:36"	17	1	119	"{\"field\":\"info_line\",\"term\":\"Echo (ping) reply\",\"condition\":16}"	132	137
"2016-08-23 17:40:48"	17	1	120	"{\"field\":\"ip_src\",\"aggregations\":[],\"groupPriority\":0}"	137	138
"2016-08-23 17:41:25"	17	1	121	"{\"field\":\"highest_layer\",\"aggregations\":[],\"groupPriority\":0}"	132	139
"2016-08-23 17:41:42"	17	1	122	"{\"field\":\"highest_layer\",\"term\":\"ICMP\",\"condition\":512}"	132	140
"2016-08-23 17:42:05"	17	1	123	"{\"field\":\"tcp_dstport\",\"aggregations\":[],\"groupPriority\":0}"	140	141
"2016-08-23 17:43:16"	17	1	124	"{\"field\":\"ip_dst\",\"term\":\"192.168.1.122\",\"condition\":512}"	141	142
"2016-08-23 17:43:50"	17	1	125	"{\"field\":\"ip_dst\",\"aggregations\":[],\"groupPriority\":1}"	142	143
"2016-08-27 15:53:21"	23	1	218	"{\"field\":\"highest_layer\",\"term\":\"ICMP\",\"condition\":8}"	241	242
"2016-08-27 15:53:29"	23	1	219	"{\"field\":\"ip_dst\",\"direction\":\"asc\"}"	242	243
"2016-08-27 15:54:17"	23	1	220	"{\"field\":\"ip_src\",\"term\":\"192.168.1.122\",\"condition\":8}"	243	244
"2016-08-27 15:57:55"	23	1	221	"{\"field\":\"ip_dst\",\"term\":\"82.108.163.88\",\"condition\":8}"	241	245
"2016-08-27 15:59:07"	23	1	223	"{\"field\":\"ip_src\",\"term\":\"192.168.1.122\",\"condition\":8}"	241	247
"2016-08-27 15:59:44"	23	1	224	"{\"field\":\"tcp_dstport\",\"aggregations\":[{\"field\":\"ip_dst\",\"type\":\"count\"}],\"groupPriority\":0}"	247	248
"2016-08-27 16:01:37"	23	1	225	"{\"field\":\"ip_dst\",\"direction\":\"asc\"}"	248	249
"2016-08-27 16:02:53"	23	1	226	"{\"field\":\"info_line\",\"term\":\"SYN\",\"condition\":16}"	241	250
"2016-08-27 16:03:09"	23	1	227	"{\"field\":\"ip_src\",\"term\":\"192.168.1.122\",\"condition\":512}"	250	251
"2016-08-27 16:05:21"	23	1	228	"{\"field\":\"tcp_stream\",\"term\":\"0\",\"condition\":32}"	241	252
"2016-08-27 16:06:05"	23	1	229	"{\"field\":\"tcp_dstport\",\"aggregations\":[{\"field\":\"tcp_stream\",\"type\":\"count\"}],\"groupPriority\":0}"	252	253
"2016-08-27 16:06:45"	23	1	231	"{\"field\":\"ip_src\",\"term\":\"192.168.1.122\",\"condition\":8}"	253	255
"2016-08-27 20:56:30"	33	1	324	"{\"field\":\"highest_layer\",\"term\":\"ICMP\",\"condition\":512}"	356	357
"2016-08-27 20:57:10"	33	1	328	"{\"field\":\"ip_dst\",\"term\":\"192.168.1.1\",\"condition\":8}"	356	361
"2016-08-27 20:57:46"	33	1	329	"{\"field\":\"ip_dst\",\"term\":\"192.168.1.122\",\"condition\":8}"	356	362
"2016-08-27 20:57:54"	33	1	330	"{\"field\":\"highest_layer\",\"term\":\"ICMP\",\"condition\":8}"	362	363
"2016-08-27 20:58:02"	33	1	331	"{\"field\":\"info_line\",\"term\":\"Echo (ping) reply\",\"condition\":16}"	363	364
"2016-08-27 20:58:10"	33	1	332	"{\"field\":\"ip_src\",\"aggregations\":[],\"groupPriority\":0}"	364	365
"2016-08-27 20:58:28"	33	1	333	"{\"field\":\"highest_layer\",\"term\":\"TCP\",\"condition\":8}"	362	366
"2016-08-27 20:58:40"	33	1	334	"{\"field\":\"info_line\",\"term\":\"SYN\",\"condition\":16}"	366	367
"2016-08-27 20:59:12"	33	1	335	"{\"field\":\"ip_src\",\"term\":\"192.168.1.122\",\"condition\":512}"	356	368
"2016-08-31 17:22:57"	49	1	443	"{\"field\":\"ip_src\",\"aggregations\":[{\"field\":\"info_line\",\"type\":\"count\"}],\"groupPriority\":0}"	493	495
"2016-08-31 17:23:22"	49	1	444	"{\"field\":\"ip_dst\",\"aggregations\":[{\"field\":\"ip_src\",\"type\":\"min\"}],\"groupPriority\":0}"	493	496
"2016-09-01 21:06:12"	55	1	451	"{\"field\":\"ip_src\",\"direction\":\"asc\"}"	508	509
"2016-09-01 21:06:38"	55	1	452	"{\"field\":\"ip_src\",\"term\":\"192.168.1.122\",\"condition\":16}"	509	510
"2016-09-01 21:08:01"	55	1	454	"{\"field\":\"ip_src\",\"visible\":false}"	509	513
"2016-09-01 21:10:10"	55	1	455	"{\"field\":\"ip_src\",\"aggregations\":[{\"field\":\"highest_layer\",\"type\":\"count\"}],\"groupPriority\":0}"	508	514
"2016-09-01 21:26:58"	55	1	458	"{\"field\":\"ip_dst\",\"term\":\"192.168.1.122\",\"condition\":16}"	508	517
"2016-09-01 21:27:32"	55	1	459	"{\"field\":\"highest_layer\",\"term\":\"TCP\",\"condition\":16}"	517	518
"2016-09-02 17:31:02"	57	2	479	"{\"field\":\"highest_layer\",\"aggregations\":[],\"groupPriority\":0}"	538	539
"2016-09-02 17:35:02"	57	2	480	"{\"field\":\"tcp_stream\",\"aggregations\":[],\"groupPriority\":0}"	538	540
"2016-09-02 17:50:44"	57	2	481	"{\"field\":\"info_line\",\"term\":\"Nzmx\",\"condition\":16}"	540	541
"2016-09-02 17:53:08"	57	2	482	"{\"field\":\"tcp_stream\",\"term\":\"3\",\"condition\":8}"	540	542
"2016-09-02 17:53:36"	57	2	483	"{\"field\":\"ip_src\",\"term\":\"98.114.205.102\",\"condition\":16}"	542	543
"2016-09-02 17:54:46"	57	2	484	"{\"field\":\"ip_src\",\"aggregations\":[],\"groupPriority\":1}"	542	544
"2016-09-02 17:55:31"	57	2	485	"{\"field\":\"ip_src\",\"aggregations\":[{\"field\":\"length\",\"type\":\"sum\"}],\"groupPriority\":1}"	542	545
"2016-09-06 17:57:33"	63	1	519	"{\"field\":\"ip_src\",\"aggregations\":[],\"groupPriority\":0}"	585	586
"2016-09-06 18:30:55"	63	1	520	"{\"field\":\"ip_dst\",\"aggregations\":[],\"groupPriority\":0}"	585	587
"2016-09-06 18:31:07"	63	1	521	"{\"field\":\"highest_layer\",\"aggregations\":[],\"groupPriority\":0}"	585	588
"2016-09-06 18:31:29"	63	1	522	"{\"field\":\"tcp_stream\",\"aggregations\":[],\"groupPriority\":0}"	585	589
"2016-09-06 18:35:17"	63	1	523	"{\"field\":\"ip_src\",\"aggregations\":[],\"groupPriority\":0}"	585	590
"2016-09-08 23:51:32"	74	2	555	"{\"field\":\"ip_src\",\"aggregations\":[],\"groupPriority\":0}"	633	634
"2016-09-08 23:51:54"	74	2	556	"{\"field\":\"ip_src\",\"aggregations\":[],\"groupPriority\":0}"	633	635
"2016-09-08 23:52:11"	74	2	557	"{\"field\":\"ip_src\",\"aggregations\":[{\"field\":\"ip_dst\",\"type\":\"count\"}],\"groupPriority\":0}"	633	636
"2016-09-08 23:52:46"	74	2	558	"{\"field\":\"ip_dst\",\"aggregations\":[{\"field\":\"ip_src\",\"type\":\"count\"}],\"groupPriority\":0}"	633	637
"2016-09-08 23:53:33"	74	2	559	"{\"field\":\"tcp_dstport\",\"aggregations\":[{\"field\":\"ip_src\",\"type\":\"count\"}],\"groupPriority\":0}"	633	638
"2016-09-08 23:53:56"	74	2	560	"{\"field\":\"tcp_dstport\",\"term\":\"2152\",\"condition\":16}"	633	639
"2016-09-08 23:54:12"	74	2	561	"{\"field\":\"tcp_srcport\",\"aggregations\":[{\"field\":\"tcp_dstport\",\"type\":\"count\"}],\"groupPriority\":0}"	633	640
"2016-09-08 23:54:46"	74	2	562	"{\"field\":\"tcp_dstport\",\"term\":\"8884\",\"condition\":16}"	633	641
"2016-09-08 23:55:08"	74	2	563	"{\"field\":\"info_line\",\"term\":\"SYN\",\"condition\":16}"	633	642
"2016-09-18 15:27:32"	94	2	614	"{\"field\":\"highest_layer\",\"direction\":\"asc\"}"	712	713
"2016-09-18 23:06:06"	130	1	679	"{\"field\":\"highest_layer\",\"aggregations\":[],\"groupPriority\":0}"	809	813
"2016-09-18 23:07:07"	130	1	680	"{\"field\":\"ip_src\",\"aggregations\":[],\"groupPriority\":1}"	813	814
"2016-09-18 23:09:19"	130	1	681	"{\"field\":\"ip_dst\",\"aggregations\":[],\"groupPriority\":2}"	814	815
"2016-09-18 23:18:29"	130	1	684	"{\"field\":\"ip_dst\",\"aggregations\":[],\"groupPriority\":1}"	814	821
"2016-09-19 07:22:14"	142	2	704	"{\"field\":\"length\",\"direction\":\"desc\"}"	849	850
"2016-09-19 07:23:23"	142	2	705	"{\"field\":\"info_line\",\"term\":\"LLENGE, Error: STATUS_MORE_PROCE\",\"condition\":16}"	850	851
"2016-09-19 13:05:45"	161	4	724	"{\"field\":\"info_line\",\"term\":\"SYN\",\"condition\":16}"	892	893
"2016-09-19 13:06:05"	161	4	726	"{\"field\":\"ip_src\",\"term\":\"10.42.42.253\",\"condition\":16}"	893	895
"2016-09-19 23:23:03"	178	2	816	"{\"field\":\"number\",\"aggregations\":[],\"groupPriority\":0}"	1001	1002
"2016-09-29 14:45:19"	196	1	940	"{\"field\":\"sniff_timestamp\",\"direction\":\"asc\"}"	1156	1157
"2016-09-29 14:46:17"	196	1	941	"{\"field\":\"ip_src\",\"aggregations\":[],\"groupPriority\":0}"	1157	1158
"2016-09-29 14:56:05"	196	1	942	"{\"field\":\"info_line\",\"term\":\"reply\",\"condition\":16}"	1157	1159
"2016-09-29 14:57:36"	196	1	943	"{\"field\":\"ip_src\",\"term\":\"82.108.171.155\",\"condition\":16}"	1157	1160
"2016-09-29 14:59:18"	196	1	944	"{\"field\":\"ip_dst\",\"term\":\"82.108.171.155\",\"condition\":16}"	1157	1161
"2016-09-29 15:04:50"	197	2	945	"{\"field\":\"ip_src\",\"aggregations\":[],\"groupPriority\":0}"	1162	1163
"2016-09-29 15:04:56"	197	2	946	"{\"field\":\"ip_dst\",\"aggregations\":[],\"groupPriority\":0}"	1162	1164
"2016-09-29 15:06:22"	197	2	947	"{\"field\":\"tcp_dstport\",\"aggregations\":[],\"groupPriority\":0}"	1162	1165
"2016-09-29 15:57:56"	197	2	948	"{\"field\":\"highest_layer\",\"term\":\"SOCKS\",\"condition\":16}"	1162	1166
"2016-09-29 15:58:44"	197	2	949	"{\"field\":\"length\",\"aggregations\":[],\"groupPriority\":0}"	1166	1167
"2016-10-09 18:52:23"	222	1	1080	"{\"field\":\"ip_src\",\"aggregations\":[],\"groupPriority\":0}"	1222	1333
"2016-10-09 18:56:25"	222	1	1130	"{\"field\":\"highest_layer\",\"aggregations\":[],\"groupPriority\":1}"	1333	1388
"2016-10-09 18:56:52"	222	1	1136	"{\"field\":\"highest_layer\",\"aggregations\":[],\"groupPriority\":0}"	1333	1394
"2016-10-09 18:57:54"	222	1	1144	"{\"field\":\"eth_src\",\"aggregations\":[],\"groupPriority\":0}"	1333	1402
"2016-10-09 18:58:49"	222	1	1163	"{\"field\":\"ip_src\",\"aggregations\":[],\"groupPriority\":0}"	1333	1421
"2016-10-09 18:59:06"	222	1	1165	"{\"field\":\"eth_src\",\"aggregations\":[],\"groupPriority\":0}"	1333	1423
"2016-10-09 18:59:11"	222	1	1166	"{\"field\":\"ip_src\",\"aggregations\":[],\"groupPriority\":1}"	1423	1424
"2016-10-09 19:05:17"	222	1	1199	"{\"field\":\"ip_src\",\"term\":\"192.168.1.122\",\"condition\":2}"	1333	1460
"2016-10-09 19:06:09"	222	1	1205	"{\"field\":\"ip_dst\",\"term\":\"82.108.24.168\",\"condition\":4}"	1333	1466
"2016-10-09 19:06:33"	222	1	1214	"{\"field\":\"ip_dst\",\"term\":\"82.108.84.10\",\"condition\":4}"	1333	1475
"2016-10-09 19:08:05"	222	1	1221	"{\"field\":\"ip_src\",\"term\":\"192.168.1.122\",\"condition\":2}"	1333	1482
"2016-10-09 19:08:19"	222	1	1226	"{\"field\":\"highest_layer\",\"aggregations\":[],\"groupPriority\":0}"	1482	1487
"2016-10-09 19:12:28"	222	1	1259	"{\"field\":\"tcp_stream\",\"term\":\"0\",\"condition\":32}"	1487	1520
"2016-10-09 19:31:30"	222	1	1385	"{\"field\":\"highest_layer\",\"aggregations\":[],\"groupPriority\":0}"	1482	1687
"2016-10-09 19:31:46"	222	1	1387	"{\"field\":\"ip_src\",\"aggregations\":[],\"groupPriority\":0}"	1333	1693
"2016-10-09 19:31:50"	222	1	1388	"{\"field\":\"ip_dst\",\"aggregations\":[],\"groupPriority\":1}"	1333	1694
"2016-10-09 19:32:07"	222	1	1394	"{\"field\":\"highest_layer\",\"aggregations\":[],\"groupPriority\":2}"	1694	1700
"2016-10-09 18:51:09"	226	1	1070	"{\"field\":\"eth_src\",\"aggregations\":[],\"groupPriority\":0}"	1226	1322
"2016-10-09 18:53:37"	226	1	1102	"{\"field\":\"highest_layer\",\"term\":\"ICMP\",\"condition\":16}"	1226	1356
"2016-10-09 18:53:45"	226	1	1104	"{\"field\":\"ip_src\",\"aggregations\":[],\"groupPriority\":0}"	1356	1359
"2016-10-09 18:54:23"	226	1	1111	"{\"field\":\"ip_dst\",\"aggregations\":[],\"groupPriority\":1}"	1359	1366
"2016-10-09 18:54:52"	226	1	1114	"{\"field\":\"eth_src\",\"direction\":\"desc\"}"	1366	1370
"2016-10-09 19:13:22"	226	1	1267	"{\"field\":\"highest_layer\",\"term\":\"TCP\",\"condition\":16}"	1370	1529
"2016-10-09 19:13:32"	226	1	1268	"{\"field\":\"ip_src\",\"term\":\"192.168.1.122\",\"condition\":16}"	1529	1530
"2016-10-09 19:15:20"	226	1	1286	"{\"field\":\"highest_layer\",\"term\":\"TCP\",\"condition\":16}"	1226	1549
"2016-10-09 19:15:30"	226	1	1287	"{\"field\":\"ip_src\",\"term\":\"192.168.1.122\",\"condition\":16}"	1549	1550
"2016-10-09 19:22:15"	226	1	1320	"{\"field\":\"ip_dst\",\"aggregations\":[],\"groupPriority\":0}"	1550	1593
"2016-10-09 18:53:57"	239	1	1107	"{\"field\":\"ip_src\",\"aggregations\":[{\"field\":\"tcp_stream\",\"type\":\"max\"}],\"groupPriority\":0}"	1354	1362
"2016-10-09 18:53:48"	240	1	1105	"{\"field\":\"ip_src\",\"aggregations\":[],\"groupPriority\":0}"	1357	1360
"2016-10-09 18:53:51"	240	1	1106	"{\"field\":\"ip_dst\",\"aggregations\":[],\"groupPriority\":1}"	1360	1361
"2016-10-09 19:05:25"	245	1	1200	"{\"field\":\"eth_src\",\"aggregations\":[],\"groupPriority\":0}"	1457	1461
"2016-10-09 19:11:32"	245	1	1248	"{\"field\":\"ip_src\",\"aggregations\":[],\"groupPriority\":0}"	1457	1509
"2016-10-09 19:13:08"	245	1	1265	"{\"field\":\"highest_layer\",\"term\":\"TCP\",\"condition\":8}"	1509	1527
"2016-10-09 19:14:56"	245	1	1282	"{\"field\":\"tcp_dstport\",\"term\":\"445\",\"condition\":16}"	1527	1545
"2016-10-09 19:09:19"	246	1	1232	"{\"field\":\"ip_src\",\"aggregations\":[],\"groupPriority\":0}"	1459	1493
"2016-10-09 19:10:58"	246	1	1244	"{\"field\":\"tcp_stream\",\"aggregations\":[],\"groupPriority\":0}"	1459	1505
"2016-10-09 19:11:07"	246	1	1246	"{\"field\":\"tcp_stream\",\"direction\":\"desc\"}"	1505	1507
"2016-10-09 19:11:48"	246	1	1253	"{\"field\":\"tcp_stream\",\"term\":\"1\",\"condition\":16}"	1459	1514
"2016-10-09 19:11:54"	246	1	1254	"{\"field\":\"tcp_stream\",\"aggregations\":[],\"groupPriority\":0}"	1514	1515
"2016-10-09 19:14:14"	246	1	1275	"{\"field\":\"highest_layer\",\"term\":\"TCP\",\"condition\":16}"	1459	1537
"2016-10-09 19:14:32"	246	1	1277	"{\"field\":\"tcp_stream\",\"aggregations\":[{\"field\":\"number\",\"type\":\"count\"}],\"groupPriority\":0}"	1537	1539
"2016-10-09 19:16:00"	246	1	1289	"{\"field\":\"ip_src\",\"term\":\"192.168.1.122\",\"condition\":16}"	1537	1552
"2016-10-09 19:16:11"	246	1	1290	"{\"field\":\"tcp_dstport\",\"aggregations\":[],\"groupPriority\":0}"	1552	1553
"2016-10-09 19:16:25"	246	1	1291	"{\"field\":\"tcp_stream\",\"aggregations\":[],\"groupPriority\":1}"	1553	1554
"2016-10-09 19:18:03"	251	1	1299	"{\"field\":\"ip_src\",\"aggregations\":[],\"groupPriority\":0}"	1564	1565
"2016-10-09 19:18:27"	251	1	1301	"{\"field\":\"tcp_dstport\",\"term\":\"0\",\"condition\":32}"	1564	1567
"2016-10-09 19:18:32"	251	1	1302	"{\"field\":\"tcp_stream\",\"aggregations\":[],\"groupPriority\":0}"	1567	1568
"2016-10-09 19:19:46"	251	1	1310	"{\"field\":\"ip_dst\",\"term\":\"192.169.1.122\",\"condition\":16}"	1564	1576
"2016-10-09 19:20:52"	252	1	1311	"{\"field\":\"tcp_stream\",\"aggregations\":[{\"field\":\"ip_src\",\"type\":\"min\"},{\"field\":\"ip_dst\",\"type\":\"max\"}],\"groupPriority\":0}"	1577	1578
"2016-10-09 19:21:02"	252	1	1312	"{\"field\":\"ip_dst\",\"term\":\"82.108.163.88\",\"condition\":16}"	1578	1579
"2016-10-09 19:25:36"	252	1	1347	"{\"field\":\"highest_layer\",\"aggregations\":[{\"field\":\"ip_src\",\"type\":\"min\"},{\"field\":\"ip_dst\",\"type\":\"max\"}],\"groupPriority\":1}"	1578	1628
"2016-10-09 19:21:36"	253	1	1314	"{\"field\":\"highest_layer\",\"aggregations\":[],\"groupPriority\":1}"	1580	1583
"2016-10-09 19:23:07"	253	1	1327	"{\"field\":\"highest_layer\",\"term\":\"ICMP\",\"condition\":16}"	1580	1601
"2016-10-09 19:23:23"	253	1	1328	"{\"field\":\"ip_src\",\"direction\":\"asc\"}"	1601	1603
"2016-10-09 19:23:28"	253	1	1330	"{\"field\":\"ip_src\",\"aggregations\":[],\"groupPriority\":0}"	1601	1605
"2016-10-09 19:24:10"	253	1	1336	"{\"field\":\"ip_src\",\"term\":\"192.168.1.122\",\"condition\":512}"	1601	1614
"2016-10-09 19:24:24"	253	1	1339	"{\"field\":\"ip_src\",\"aggregations\":[],\"groupPriority\":0}"	1614	1617
"2016-10-09 19:21:57"	256	1	1315	"{\"field\":\"ip_src\",\"aggregations\":[],\"groupPriority\":0}"	1585	1587
"2016-10-09 19:22:43"	256	1	1325	"{\"field\":\"ip_dst\",\"aggregations\":[],\"groupPriority\":0}"	1585	1598
"2016-10-09 19:23:43"	256	1	1332	"{\"field\":\"ip_src\",\"term\":\"192.168.1.122\",\"condition\":512}"	1598	1607
"2016-10-09 19:25:04"	256	1	1344	"{\"field\":\"tcp_stream\",\"term\":\"0\",\"condition\":64}"	1585	1623
"2016-10-09 19:25:09"	256	1	1345	"{\"field\":\"tcp_stream\",\"aggregations\":[],\"groupPriority\":0}"	1623	1625
"2016-10-09 19:25:51"	256	1	1352	"{\"field\":\"tcp_stream\",\"aggregations\":[{\"field\":\"ip_src\",\"type\":\"max\"},{\"field\":\"ip_dst\",\"type\":\"min\"}],\"groupPriority\":0}"	1623	1633
"2016-10-09 19:24:38"	258	1	1341	"{\"field\":\"ip_src\",\"aggregations\":[],\"groupPriority\":0}"	1588	1620
"2016-10-09 19:25:04"	258	1	1343	"{\"field\":\"highest_layer\",\"aggregations\":[],\"groupPriority\":1}"	1620	1622
"2016-10-09 19:26:15"	258	1	1356	"{\"field\":\"info_line\",\"term\":\"Echo\",\"condition\":16}"	1622	1637
"2016-10-09 19:25:16"	260	1	1346	"{\"field\":\"ip_src\",\"aggregations\":[],\"groupPriority\":0}"	1624	1626
"2016-10-09 19:25:50"	260	1	1351	"{\"field\":\"tcp_stream\",\"term\":\"0\",\"condition\":64}"	1624	1632
"2016-10-09 19:26:09"	260	1	1354	"{\"field\":\"tcp_stream\",\"aggregations\":[],\"groupPriority\":0}"	1632	1635
"2016-10-09 19:29:43"	267	1	1376	"{\"field\":\"info_line\",\"term\":\"reply\",\"condition\":16}"	1667	1669
"2016-10-09 19:30:19"	267	1	1380	"{\"field\":\"tcp_stream\",\"term\":\"0\",\"condition\":32}"	1667	1673
"2016-10-09 19:30:33"	267	1	1381	"{\"field\":\"tcp_stream\",\"aggregations\":[{\"field\":\"ip_src\",\"type\":\"min\"},{\"field\":\"ip_dst\",\"type\":\"max\"}],\"groupPriority\":0}"	1673	1680
"2016-10-09 19:30:51"	268	2	1382	"{\"field\":\"highest_layer\",\"aggregations\":[],\"groupPriority\":0}"	1679	1682
"2016-10-09 19:38:28"	268	2	1409	"{\"field\":\"tcp_stream\",\"term\":\"0\",\"condition\":64}"	1679	1721
"2016-10-09 19:38:33"	268	2	1411	"{\"field\":\"tcp_stream\",\"aggregations\":[],\"groupPriority\":0}"	1721	1723
"2016-10-09 19:32:22"	273	2	1395	"{\"field\":\"tcp_stream\",\"term\":\"0\",\"condition\":32}"	1690	1701
"2016-10-09 19:32:26"	273	2	1396	"{\"field\":\"tcp_stream\",\"aggregations\":[],\"groupPriority\":0}"	1701	1702
"2016-10-09 19:46:24"	273	2	1434	"{\"field\":\"tcp_stream\",\"aggregations\":[{\"field\":\"length\",\"type\":\"sum\"}],\"groupPriority\":0}"	1701	1748
"2016-10-09 19:31:54"	274	2	1391	"{\"field\":\"ip_src\",\"aggregations\":[],\"groupPriority\":0}"	1689	1697
"2016-10-09 19:32:58"	274	2	1400	"{\"field\":\"highest_layer\",\"term\":\"SMB\",\"condition\":16}"	1689	1706
"2016-10-09 19:38:24"	274	2	1408	"{\"field\":\"highest_layer\",\"aggregations\":[],\"groupPriority\":0}"	1689	1720
"2016-10-09 19:38:32"	274	2	1410	"{\"field\":\"tcp_stream\",\"aggregations\":[],\"groupPriority\":1}"	1720	1722
"2016-10-09 19:45:42"	281	2	1425	"{\"field\":\"highest_layer\",\"direction\":\"asc\"}"	1735	1738
"2016-10-09 19:45:45"	281	2	1427	"{\"field\":\"highest_layer\",\"aggregations\":[],\"groupPriority\":0}"	1738	1740
"2016-10-09 19:46:08"	281	2	1432	"{\"field\":\"tcp_stream\",\"aggregations\":[{\"field\":\"length\",\"type\":\"sum\"}],\"groupPriority\":1}"	1740	1745
"2016-10-09 19:49:54"	284	2	1447	"{\"field\":\"tcp_stream\",\"aggregations\":[],\"groupPriority\":0}"	1762	1765
"2016-10-09 19:52:46"	284	2	1462	"{\"field\":\"highest_layer\",\"aggregations\":[],\"groupPriority\":1}"	1765	1784
"2016-10-09 19:49:58"	285	2	1448	"{\"field\":\"ip_src\",\"aggregations\":[],\"groupPriority\":0}"	1763	1766
"2016-10-09 19:50:21"	285	2	1449	"{\"field\":\"tcp_stream\",\"aggregations\":[],\"groupPriority\":0}"	1763	1767
"2016-10-09 19:50:48"	286	2	1451	"{\"field\":\"tcp_stream\",\"aggregations\":[],\"groupPriority\":0}"	1764	1772
"2016-10-09 19:51:01"	286	2	1452	"{\"field\":\"ip_src\",\"aggregations\":[],\"groupPriority\":1}"	1772	1773
"2016-10-09 19:51:19"	286	2	1455	"{\"field\":\"highest_layer\",\"aggregations\":[],\"groupPriority\":2}"	1773	1776
"2016-10-09 19:51:03"	289	2	1453	"{\"field\":\"ip_src\",\"aggregations\":[],\"groupPriority\":0}"	1771	1774
"2016-10-09 19:51:21"	289	2	1456	"{\"field\":\"tcp_stream\",\"term\":\"0\",\"condition\":64}"	1771	1777
"2016-10-09 19:51:34"	289	2	1458	"{\"field\":\"tcp_stream\",\"aggregations\":[],\"groupPriority\":0}"	1777	1779
"2016-10-09 19:52:00"	289	2	1460	"{\"field\":\"highest_layer\",\"aggregations\":[],\"groupPriority\":1}"	1779	1782
"2016-10-09 19:53:56"	291	2	1464	"{\"field\":\"tcp_stream\",\"aggregations\":[{\"field\":\"ip_src\",\"type\":\"min\"},{\"field\":\"ip_dst\",\"type\":\"max\"},{\"field\":\"length\",\"type\":\"sum\"}],\"groupPriority\":0}"	1785	1788
"2016-10-09 19:54:06"	291	2	1467	"{\"field\":\"highest_layer\",\"aggregations\":[{\"field\":\"ip_src\",\"type\":\"min\"},{\"field\":\"ip_dst\",\"type\":\"max\"},{\"field\":\"length\",\"type\":\"sum\"}],\"groupPriority\":1}"	1788	1793
"2016-10-09 19:54:34"	291	2	1471	"{\"field\":\"tcp_stream\",\"term\":\"0\",\"condition\":32}"	1793	1798
"2016-10-09 19:53:30"	292	2	1463	"{\"field\":\"ip_dst\",\"direction\":\"desc\"}"	1786	1787
"2016-10-09 19:53:56"	292	2	1465	"{\"field\":\"tcp_stream\",\"aggregations\":[{\"field\":\"ip_src\",\"type\":\"min\"},{\"field\":\"ip_dst\",\"type\":\"max\"},{\"field\":\"length\",\"type\":\"sum\"}],\"groupPriority\":0}"	1787	1789
"2016-10-09 19:54:04"	292	2	1466	"{\"field\":\"highest_layer\",\"direction\":\"asc\"}"	1789	1792
"2016-10-09 19:54:08"	292	2	1468	"{\"field\":\"highest_layer\",\"aggregations\":[{\"field\":\"ip_src\",\"type\":\"min\"},{\"field\":\"ip_dst\",\"type\":\"max\"},{\"field\":\"length\",\"type\":\"sum\"}],\"groupPriority\":1}"	1792	1794
"2016-10-09 19:54:28"	292	2	1470	"{\"field\":\"tcp_stream\",\"term\":\"0\",\"condition\":32}"	1794	1797
"2016-10-09 19:54:16"	294	2	1469	"{\"field\":\"tcp_stream\",\"aggregations\":[{\"field\":\"length\",\"type\":\"sum\"}],\"groupPriority\":0}"	1791	1795
"2016-10-09 20:02:57"	301	3	1505	"{\"field\":\"tcp_stream\",\"term\":\"0\",\"condition\":32}"	1818	1840
"2016-10-09 20:16:41"	302	3	1562	"{\"field\":\"ip_src\",\"aggregations\":[],\"groupPriority\":0}"	1819	1902
"2016-10-09 20:16:42"	302	3	1563	"{\"field\":\"ip_dst\",\"aggregations\":[],\"groupPriority\":1}"	1819	1903
"2016-10-09 20:17:31"	302	3	1566	"{\"field\":\"ip_dst\",\"term\":\"192.168.56.50\",\"condition\":16}"	1903	1906
"2016-10-09 20:18:41"	302	3	1570	"{\"field\":\"ip_dst\",\"term\":\"192.168.56.52\",\"condition\":16}"	1903	1910
"2016-10-09 20:19:57"	302	3	1581	"{\"field\":\"ip_src\",\"term\":\"192.168.56.52\",\"condition\":16}"	1903	1921
"2016-10-09 20:11:53"	304	3	1532	"{\"field\":\"ip_src\",\"aggregations\":[],\"groupPriority\":0}"	1823	1871
"2016-10-09 20:13:27"	304	3	1540	"{\"field\":\"ip_dst\",\"aggregations\":[],\"groupPriority\":1}"	1871	1880
"2016-10-09 20:21:13"	304	3	1585	"{\"field\":\"highest_layer\",\"aggregations\":[],\"groupPriority\":1}"	1871	1925
"2016-10-09 20:25:35"	304	3	1601	"{\"field\":\"length\",\"aggregations\":[],\"groupPriority\":2}"	1925	1942
"2016-10-09 20:25:57"	304	3	1604	"{\"field\":\"ip_dst\",\"aggregations\":[],\"groupPriority\":2}"	1925	1945
"2016-10-09 20:08:23"	307	2	1523	"{\"field\":\"highest_layer\",\"aggregations\":[],\"groupPriority\":0}"	1860	1861
"2016-10-09 20:10:01"	307	2	1530	"{\"field\":\"tcp_stream\",\"aggregations\":[{\"field\":\"tcp_srcport\",\"type\":\"min\"},{\"field\":\"tcp_dstport\",\"type\":\"max\"},{\"field\":\"length\",\"type\":\"sum\"}],\"groupPriority\":0}"	1860	1869
"2016-10-09 20:25:11"	310	3	1599	"{\"field\":\"tcp_stream\",\"term\":\"0\",\"condition\":32}"	1934	1940
"2016-10-09 20:25:15"	310	3	1600	"{\"field\":\"tcp_stream\",\"aggregations\":[{\"field\":\"ip_src\",\"type\":\"min\"},{\"field\":\"ip_dst\",\"type\":\"max\"}],\"groupPriority\":0}"	1940	1941
"2016-10-09 20:26:44"	311	3	1607	"{\"field\":\"tcp_stream\",\"aggregations\":[],\"groupPriority\":0}"	1947	1949
"2016-10-09 20:26:47"	311	3	1609	"{\"field\":\"highest_layer\",\"aggregations\":[],\"groupPriority\":0}"	1949	1951
"2016-10-09 20:26:51"	311	3	1610	"{\"field\":\"ip_dst\",\"aggregations\":[],\"groupPriority\":1}"	1951	1952
"2016-10-12 15:12:30"	313	3	1645	"{\"field\":\"eth_src\",\"aggregations\":[{\"field\":\"number\",\"type\":\"count\"},{\"field\":\"ip_src\",\"type\":\"min\"},{\"field\":\"ip_dst\",\"type\":\"max\"}],\"groupPriority\":0}"	1988	1989
"2016-10-12 15:12:48"	313	3	1646	"{\"field\":\"highest_layer\",\"aggregations\":[{\"field\":\"number\",\"type\":\"count\"}],\"groupPriority\":0}"	1988	1990
"2016-10-12 15:13:04"	313	3	1647	"{\"field\":\"tcp_dstport\",\"term\":\"80\",\"condition\":16}"	1988	1991
"2016-10-12 15:13:20"	313	3	1648	"{\"field\":\"tcp_stream\",\"aggregations\":[{\"field\":\"number\",\"type\":\"count\"},{\"field\":\"ip_src\",\"type\":\"min\"},{\"field\":\"ip_dst\",\"type\":\"max\"}],\"groupPriority\":0}"	1991	1992
"2016-10-12 15:22:44"	313	3	1649	"{\"field\":\"info_line\",\"term\":\"load.php?e=1\",\"condition\":16}"	1988	1993
"2016-10-12 15:24:08"	313	3	1650	"{\"field\":\"tcp_stream\",\"term\":\"5\",\"condition\":16}"	1988	1994
"2016-10-12 15:25:40"	313	3	1651	"{\"field\":\"tcp_stream\",\"term\":\"17\",\"condition\":16}"	1988	1995
"2016-10-19 11:34:58"	364	2	1851	"{\"field\":\"eth_src\",\"aggregations\":[],\"groupPriority\":0}"	2233	2239
"2016-10-19 11:35:00"	364	2	1853	"{\"field\":\"ip_src\",\"aggregations\":[],\"groupPriority\":1}"	2239	2241
"2016-10-19 11:36:26"	364	2	1874	"{\"field\":\"ip_src\",\"aggregations\":[],\"groupPriority\":0}"	2239	2267
"2016-10-19 11:36:27"	364	2	1875	"{\"field\":\"ip_dst\",\"aggregations\":[],\"groupPriority\":1}"	2239	2268
"2016-10-19 11:45:07"	364	2	1999	"{\"field\":\"highest_layer\",\"aggregations\":[],\"groupPriority\":0}"	2233	2408
"2016-10-19 11:46:34"	364	2	2015	"{\"field\":\"ip_src\",\"aggregations\":[],\"groupPriority\":0}"	2233	2424
"2016-10-19 11:47:02"	364	2	2029	"{\"field\":\"ip_dst\",\"aggregations\":[],\"groupPriority\":1}"	2424	2439
"2016-10-19 11:48:01"	364	2	2053	"{\"field\":\"tcp_stream\",\"aggregations\":[],\"groupPriority\":0}"	2424	2463
"2016-10-19 11:51:18"	364	2	2103	"{\"field\":\"highest_layer\",\"aggregations\":[{\"field\":\"ip_src\",\"type\":\"min\"},{\"field\":\"ip_dst\",\"type\":\"max\"}],\"groupPriority\":1}"	2463	2514
"2016-10-19 11:53:33"	364	2	2130	"{\"field\":\"highest_layer\",\"aggregations\":[],\"groupPriority\":0}"	2233	2541
"2016-10-19 11:54:47"	364	2	2143	"{\"field\":\"eth_src\",\"aggregations\":[],\"groupPriority\":1}"	2541	2554
"2016-10-19 11:59:00"	364	2	2156	"{\"field\":\"length\",\"direction\":\"asc\"}"	2233	2567
"2016-10-19 12:00:08"	364	2	2171	"{\"field\":\"tcp_stream\",\"aggregations\":[],\"groupPriority\":0}"	2233	2584
"2016-10-19 12:00:10"	364	2	2172	"{\"field\":\"tcp_stream\",\"direction\":\"asc\"}"	2233	2585
"2016-10-19 12:00:46"	364	2	2173	"{\"field\":\"highest_layer\",\"aggregations\":[],\"groupPriority\":1}"	2585	2586
"2016-10-19 12:02:00"	364	2	2182	"{\"field\":\"highest_layer\",\"direction\":\"asc\"}"	2586	2596
"2016-10-19 12:02:25"	364	2	2184	"{\"field\":\"ip_src\",\"aggregations\":[],\"groupPriority\":2}"	2586	2598
"2016-10-19 11:34:58"	365	2	1852	"{\"field\":\"ip_src\",\"aggregations\":[],\"groupPriority\":0}"	2236	2240
"2016-10-19 11:36:09"	365	2	1870	"{\"field\":\"highest_layer\",\"aggregations\":[],\"groupPriority\":1}"	2240	2262
"2016-10-19 11:36:44"	365	2	1878	"{\"field\":\"highest_layer\",\"direction\":\"asc\"}"	2262	2272
"2016-10-19 11:35:52"	366	2	1868	"{\"field\":\"eth_src\",\"aggregations\":[],\"groupPriority\":0}"	2237	2259
"2016-10-19 11:35:54"	366	2	1869	"{\"field\":\"ip_src\",\"aggregations\":[],\"groupPriority\":1}"	2259	2260
"2016-10-19 11:38:00"	366	2	1894	"{\"field\":\"highest_layer\",\"aggregations\":[{\"field\":\"length\",\"type\":\"sum\"}],\"groupPriority\":0}"	2237	2291
"2016-10-19 11:48:00"	366	2	2052	"{\"field\":\"ip_src\",\"aggregations\":[{\"field\":\"ip_dst\",\"type\":\"max\"},{\"field\":\"tcp_srcport\",\"type\":\"min\"}],\"groupPriority\":0}"	2237	2462
"2016-10-19 11:48:03"	366	2	2054	"{\"field\":\"ip_dst\",\"aggregations\":[{\"field\":\"tcp_srcport\",\"type\":\"min\"}],\"groupPriority\":1}"	2462	2464
"2016-10-19 11:48:51"	366	2	2067	"{\"field\":\"tcp_srcport\",\"aggregations\":[],\"groupPriority\":2}"	2464	2477
"2016-10-19 11:49:27"	366	2	2079	"{\"field\":\"tcp_stream\",\"aggregations\":[{\"field\":\"tcp_srcport\",\"type\":\"min\"}],\"groupPriority\":2}"	2464	2490
"2016-10-19 12:01:36"	366	2	2180	"{\"field\":\"eth_src\",\"aggregations\":[{\"field\":\"length\",\"type\":\"sum\"}],\"groupPriority\":0}"	2462	2594
"2016-10-19 12:01:37"	366	2	2181	"{\"field\":\"ip_src\",\"aggregations\":[{\"field\":\"length\",\"type\":\"sum\"}],\"groupPriority\":1}"	2462	2595
"2016-10-19 12:02:07"	366	2	2183	"{\"field\":\"highest_layer\",\"aggregations\":[{\"field\":\"length\",\"type\":\"sum\"}],\"groupPriority\":0}"	2237	2597
"2016-10-19 12:02:53"	366	2	2186	"{\"field\":\"ip_src\",\"aggregations\":[{\"field\":\"tcp_srcport\",\"type\":\"min\"},{\"field\":\"tcp_dstport\",\"type\":\"max\"},{\"field\":\"length\",\"type\":\"sum\"}],\"groupPriority\":0}"	2237	2601
"2016-10-19 12:02:56"	366	2	2187	"{\"field\":\"ip_dst\",\"aggregations\":[{\"field\":\"tcp_srcport\",\"type\":\"min\"},{\"field\":\"tcp_dstport\",\"type\":\"max\"},{\"field\":\"length\",\"type\":\"sum\"}],\"groupPriority\":1}"	2601	2602
"2016-10-19 12:03:21"	366	2	2190	"{\"field\":\"tcp_stream\",\"aggregations\":[{\"field\":\"tcp_srcport\",\"type\":\"min\"},{\"field\":\"tcp_dstport\",\"type\":\"max\"},{\"field\":\"length\",\"type\":\"sum\"}],\"groupPriority\":2}"	2602	2606
"2016-10-19 11:38:19"	368	2	1895	"{\"field\":\"eth_src\",\"aggregations\":[],\"groupPriority\":0}"	2257	2293
"2016-10-19 11:39:04"	368	2	1901	"{\"field\":\"ip_src\",\"aggregations\":[],\"groupPriority\":1}"	2293	2301
"2016-10-19 11:42:24"	383	2	1932	"{\"field\":\"eth_src\",\"aggregations\":[{\"field\":\"length\",\"type\":\"sum\"}],\"groupPriority\":0}"	2333	2335
"2016-10-19 11:47:01"	383	2	2028	"{\"field\":\"tcp_stream\",\"aggregations\":[{\"field\":\"length\",\"type\":\"sum\"}],\"groupPriority\":0}"	2333	2438
"2016-10-19 11:47:22"	383	2	2041	"{\"field\":\"highest_layer\",\"aggregations\":[],\"groupPriority\":0}"	2333	2451
"2016-10-19 11:52:17"	383	2	2113	"{\"field\":\"highest_layer\",\"term\":\"TCP\",\"condition\":16}"	2333	2524
"2016-10-19 11:58:43"	383	2	2155	"{\"field\":\"tcp_stream\",\"direction\":\"asc\"}"	2333	2566
"2016-10-19 11:59:03"	383	2	2158	"{\"field\":\"tcp_stream\",\"aggregations\":[],\"groupPriority\":0}"	2566	2569
"2016-10-19 12:09:50"	383	2	2242	"{\"field\":\"ip_src\",\"aggregations\":[],\"groupPriority\":0}"	2566	2670
"2016-10-19 11:46:15"	387	2	2011	"{\"field\":\"highest_layer\",\"aggregations\":[],\"groupPriority\":0}"	2389	2420
"2016-10-19 11:47:28"	387	2	2045	"{\"field\":\"eth_src\",\"aggregations\":[],\"groupPriority\":0}"	2389	2455
"2016-10-19 11:47:38"	387	2	2049	"{\"field\":\"ip_src\",\"aggregations\":[],\"groupPriority\":1}"	2455	2459
"2016-10-19 11:49:21"	387	2	2077	"{\"field\":\"sniff_timestamp\",\"direction\":\"asc\"}"	2459	2488
"2016-10-19 11:53:39"	387	2	2132	"{\"field\":\"tcp_stream\",\"aggregations\":[],\"groupPriority\":2}"	2488	2543
"2016-10-19 11:59:24"	390	2	2164	"{\"field\":\"eth_src\",\"aggregations\":[],\"groupPriority\":0}"	2574	2576
"2016-10-19 11:59:34"	390	2	2166	"{\"field\":\"ip_src\",\"aggregations\":[],\"groupPriority\":1}"	2574	2578
"2016-10-19 11:59:50"	390	2	2169	"{\"field\":\"highest_layer\",\"aggregations\":[],\"groupPriority\":0}"	2578	2582
"2016-10-19 12:00:07"	390	2	2170	"{\"field\":\"tcp_stream\",\"aggregations\":[],\"groupPriority\":0}"	2578	2583
"2016-10-19 12:03:30"	393	2	2191	"{\"field\":\"eth_src\",\"aggregations\":[],\"groupPriority\":0}"	2605	2607
"2016-10-19 12:03:31"	393	2	2192	"{\"field\":\"ip_src\",\"aggregations\":[],\"groupPriority\":1}"	2605	2608
"2016-10-19 12:06:12"	397	2	2202	"{\"field\":\"eth_src\",\"aggregations\":[],\"groupPriority\":0}"	2622	2624
"2016-10-19 12:06:52"	397	2	2212	"{\"field\":\"tcp_dstport\",\"aggregations\":[],\"groupPriority\":0}"	2622	2636
"2016-10-19 12:06:52"	397	2	2213	"{\"field\":\"ip_src\",\"aggregations\":[],\"groupPriority\":1}"	2622	2637
"2016-10-19 12:07:03"	397	2	2217	"{\"field\":\"highest_layer\",\"direction\":\"asc\"}"	2637	2641
"2016-10-19 12:07:33"	397	2	2223	"{\"field\":\"ip_src\",\"term\":\"98.114.205.102\",\"condition\":16}"	2641	2647
"2016-10-19 12:06:16"	399	2	2203	"{\"field\":\"ip_src\",\"aggregations\":[],\"groupPriority\":0}"	2621	2625
"2016-10-19 12:06:33"	399	2	2208	"{\"field\":\"ip_dst\",\"aggregations\":[],\"groupPriority\":1}"	2625	2632
"2016-10-19 12:07:08"	399	2	2219	"{\"field\":\"highest_layer\",\"aggregations\":[],\"groupPriority\":1}"	2625	2643
"2016-10-19 12:07:55"	399	2	2229	"{\"field\":\"ip_src\",\"direction\":\"asc\"}"	2643	2654
"2016-10-19 12:08:15"	399	2	2230	"{\"field\":\"tcp_stream\",\"direction\":\"asc\"}"	2621	2655
"2016-10-19 12:08:18"	399	2	2231	"{\"field\":\"tcp_stream\",\"aggregations\":[],\"groupPriority\":0}"	2655	2656
"2016-10-19 12:06:58"	401	2	2214	"{\"field\":\"eth_dst\",\"aggregations\":[],\"groupPriority\":0}"	2627	2638
"2016-10-19 12:07:00"	401	2	2215	"{\"field\":\"ip_src\",\"aggregations\":[],\"groupPriority\":1}"	2627	2639
"2016-10-19 12:07:02"	401	2	2216	"{\"field\":\"ip_dst\",\"direction\":\"asc\"}"	2638	2640
"2016-10-19 12:07:08"	401	2	2218	"{\"field\":\"ip_dst\",\"aggregations\":[],\"groupPriority\":2}"	2640	2642
"2016-10-19 12:08:28"	402	2	2232	"{\"field\":\"ip_src\",\"aggregations\":[],\"groupPriority\":0}"	2653	2657
"2016-10-19 12:08:50"	402	2	2234	"{\"field\":\"info_line\",\"term\":\"SYN\",\"condition\":16}"	2657	2660
"2016-10-19 12:09:34"	402	2	2241	"{\"field\":\"tcp_dstport\",\"aggregations\":[],\"groupPriority\":0}"	2657	2668
"2016-10-19 12:10:17"	402	2	2246	"{\"field\":\"tcp_stream\",\"aggregations\":[],\"groupPriority\":0}"	2657	2676
"2016-10-19 12:10:30"	406	4	2248	"{\"field\":\"eth_src\",\"aggregations\":[],\"groupPriority\":0}"	2671	2678
"2016-10-19 12:11:49"	406	4	2260	"{\"field\":\"ip_src\",\"aggregations\":[],\"groupPriority\":1}"	2678	2695
"2016-10-19 12:20:46"	406	4	2310	"{\"field\":\"tcp_stream\",\"aggregations\":[],\"groupPriority\":0}"	2671	2755
"2016-10-19 12:10:58"	409	2	2250	"{\"field\":\"ip_src\",\"direction\":\"asc\"}"	2679	2682
"2016-10-19 12:10:58"	409	2	2251	"{\"field\":\"ip_src\",\"aggregations\":[],\"groupPriority\":0}"	2679	2683
"2016-10-19 12:11:00"	409	2	2252	"{\"field\":\"ip_dst\",\"aggregations\":[],\"groupPriority\":1}"	2679	2684
"2016-10-19 12:11:59"	409	2	2264	"{\"field\":\"tcp_stream\",\"aggregations\":[],\"groupPriority\":0}"	2679	2699
"2016-10-19 12:11:58"	410	2	2263	"{\"field\":\"highest_layer\",\"aggregations\":[],\"groupPriority\":2}"	2688	2698
"2016-10-19 12:12:55"	410	2	2284	"{\"field\":\"tcp_stream\",\"aggregations\":[{\"field\":\"ip_src\",\"type\":\"min\"},{\"field\":\"ip_dst\",\"type\":\"max\"}],\"groupPriority\":0}"	2688	2720
"2016-10-19 12:15:21"	415	4	2293	"{\"field\":\"ip_src\",\"aggregations\":[],\"groupPriority\":1}"	2728	2732
"2016-10-19 12:15:36"	415	4	2295	"{\"field\":\"tcp_srcport\",\"aggregations\":[],\"groupPriority\":2}"	2728	2735
"2016-10-19 12:22:16"	427	4	2317	"{\"field\":\"tcp_stream\",\"aggregations\":[],\"groupPriority\":0}"	2749	2766
"2016-10-19 12:37:33"	427	4	2394	"{\"field\":\"ip_src\",\"aggregations\":[],\"groupPriority\":0}"	2749	2859
"2016-10-19 12:37:38"	427	4	2395	"{\"field\":\"ip_dst\",\"aggregations\":[],\"groupPriority\":1}"	2749	2860
"2016-10-19 12:38:43"	427	4	2399	"{\"field\":\"highest_layer\",\"aggregations\":[{\"field\":\"tcp_srcport\",\"type\":\"max\"},{\"field\":\"tcp_dstport\",\"type\":\"min\"}],\"groupPriority\":2}"	2860	2866
"2016-10-19 12:41:42"	427	4	2422	"{\"field\":\"tcp_stream\",\"aggregations\":[],\"groupPriority\":2}"	2860	2891
"2016-10-19 12:50:19"	427	4	2479	"{\"field\":\"tcp_srcport\",\"term\":\"135\",\"condition\":16}"	2749	2951
"2016-10-19 12:52:44"	427	4	2489	"{\"field\":\"ip_src\",\"aggregations\":[],\"groupPriority\":0}"	2749	2969
"2016-10-19 12:52:55"	427	4	2490	"{\"field\":\"ip_dst\",\"aggregations\":[],\"groupPriority\":1}"	2749	2970
"2016-10-19 12:56:45"	427	4	2508	"{\"field\":\"highest_layer\",\"term\":\"TCP\",\"condition\":8}"	2749	2993
"2016-10-19 13:10:40"	427	4	2587	"{\"field\":\"tcp_dstport\",\"aggregations\":[],\"groupPriority\":2}"	2993	3085
"2016-10-19 13:18:00"	427	4	2628	"{\"field\":\"info_line\",\"term\":\"[SYN , ACK]\",\"condition\":16}"	3085	3129
"2016-10-19 12:22:07"	431	2	2316	"{\"field\":\"ip_src\",\"aggregations\":[],\"groupPriority\":0}"	2762	2765
"2016-10-19 12:22:32"	431	2	2319	"{\"field\":\"ip_dst\",\"aggregations\":[],\"groupPriority\":1}"	2765	2768
"2016-10-19 12:23:00"	431	2	2322	"{\"field\":\"highest_layer\",\"aggregations\":[],\"groupPriority\":2}"	2768	2771
"2016-10-19 12:23:21"	431	2	2325	"{\"field\":\"tcp_stream\",\"aggregations\":[],\"groupPriority\":1}"	2768	2776
"2016-10-19 12:23:57"	436	2	2329	"{\"field\":\"ip_src\",\"aggregations\":[],\"groupPriority\":1}"	2777	2782
"2016-10-19 12:24:35"	436	2	2334	"{\"field\":\"highest_layer\",\"aggregations\":[],\"groupPriority\":0}"	2782	2787
"2016-10-19 12:24:59"	436	2	2336	"{\"field\":\"ip_src\",\"aggregations\":[],\"groupPriority\":0}"	2787	2789
"2016-10-19 12:25:09"	436	2	2338	"{\"field\":\"ip_dst\",\"aggregations\":[],\"groupPriority\":1}"	2787	2791
"2016-10-19 12:25:36"	436	2	2343	"{\"field\":\"tcp_stream\",\"aggregations\":[],\"groupPriority\":2}"	2791	2796
"2016-10-19 12:33:27"	450	4	2365	"{\"field\":\"eth_src\",\"aggregations\":[],\"groupPriority\":0}"	2815	2825
"2016-10-19 12:33:32"	450	4	2369	"{\"field\":\"ip_src\",\"aggregations\":[],\"groupPriority\":1}"	2815	2830
"2016-10-19 12:36:51"	450	4	2390	"{\"field\":\"highest_layer\",\"aggregations\":[],\"groupPriority\":0}"	2815	2853
"2016-10-19 12:43:14"	450	4	2435	"{\"field\":\"tcp_stream\",\"direction\":\"asc\"}"	2815	2906
"2016-10-19 12:47:46"	450	4	2466	"{\"field\":\"ip_src\",\"aggregations\":[],\"groupPriority\":1}"	2815	2938
"2016-10-19 12:33:04"	451	4	2363	"{\"field\":\"tcp_stream\",\"direction\":\"asc\"}"	2816	2823
"2016-10-19 12:33:42"	451	4	2371	"{\"field\":\"eth_src\",\"aggregations\":[{\"field\":\"length\",\"type\":\"sum\"}],\"groupPriority\":0}"	2816	2832
"2016-10-19 12:40:01"	451	4	2411	"{\"field\":\"info_line\",\"term\":\"[RST, ACK]\",\"condition\":16}"	2816	2879
"2016-10-19 12:47:41"	451	4	2465	"{\"field\":\"tcp_stream\",\"aggregations\":[{\"field\":\"length\",\"type\":\"max\"}]}"	2816	2937
"2016-10-19 12:56:58"	451	4	2510	"{\"field\":\"highest_layer\",\"aggregations\":[{\"field\":\"length\",\"type\":\"sum\"}],\"groupPriority\":0}"	2816	2995
"2016-10-19 12:32:28"	454	2	2359	"{\"field\":\"ip_src\",\"aggregations\":[],\"groupPriority\":1}"	2818	2819
"2016-10-19 12:32:29"	454	2	2360	"{\"field\":\"ip_dst\",\"aggregations\":[],\"groupPriority\":2}"	2818	2820
"2016-10-19 12:37:18"	462	2	2392	"{\"field\":\"eth_src\",\"aggregations\":[],\"groupPriority\":0}"	2854	2856
"2016-10-19 12:37:19"	462	2	2393	"{\"field\":\"ip_src\",\"aggregations\":[],\"groupPriority\":1}"	2856	2857
"2016-10-19 12:38:20"	462	2	2398	"{\"field\":\"highest_layer\",\"aggregations\":[],\"groupPriority\":0}"	2854	2864
"2016-10-19 12:38:49"	462	2	2400	"{\"field\":\"tcp_stream\",\"aggregations\":[],\"groupPriority\":0}"	2864	2868
"2016-10-19 12:38:50"	462	2	2402	"{\"field\":\"tcp_stream\",\"direction\":\"asc\"}"	2864	2870
"2016-10-19 12:42:02"	468	4	2425	"{\"field\":\"ip_src\",\"aggregations\":[],\"groupPriority\":1}"	2892	2895
"2016-10-19 12:57:28"	468	4	2514	"{\"field\":\"highest_layer\",\"term\":\"DHCP\",\"condition\":16}"	2966	3000
"2016-10-19 12:57:58"	468	4	2516	"{\"field\":\"highest_layer\",\"term\":\"BOOTP\",\"condition\":16}"	2966	3002
"2016-10-19 13:02:51"	468	4	2533	"{\"field\":\"highest_layer\",\"direction\":\"desc\"}"	3002	3023
"2016-10-19 13:03:23"	480	4	2537	"{\"field\":\"ip_src\",\"aggregations\":[],\"groupPriority\":0}"	3028	3030
"2016-10-19 13:04:52"	480	4	2548	"{\"field\":\"tcp_stream\",\"aggregations\":[],\"groupPriority\":0}"	3028	3041
"2016-10-19 13:05:45"	482	4	2555	"{\"field\":\"ip_src\",\"aggregations\":[],\"groupPriority\":0}"	3048	3049
"2016-10-19 13:06:00"	482	4	2556	"{\"field\":\"ip_dst\",\"aggregations\":[],\"groupPriority\":1}"	3049	3051
"2016-10-19 13:07:28"	482	4	2562	"{\"field\":\"tcp_dstport\",\"aggregations\":[],\"groupPriority\":2}"	3051	3057
"2016-10-19 13:07:39"	482	4	2563	"{\"field\":\"highest_layer\",\"aggregations\":[],\"groupPriority\":3}"	3057	3058
"2016-10-19 13:09:41"	482	4	2571	"{\"field\":\"tcp_stream\",\"aggregations\":[],\"groupPriority\":0}"	3048	3068
"2016-10-19 13:10:13"	482	4	2581	"{\"field\":\"info_line\",\"term\":\"[SYN, ACK]\",\"condition\":16}"	3068	3078
"2016-10-19 13:14:43"	487	4	2605	"{\"field\":\"ip_src\",\"aggregations\":[],\"groupPriority\":0}"	3104	3106
"2016-10-19 13:14:47"	487	4	2606	"{\"field\":\"eth_src\",\"aggregations\":[],\"groupPriority\":1}"	3104	3107
"2016-10-19 13:15:25"	487	4	2613	"{\"field\":\"ip_src\",\"direction\":\"desc\"}"	3107	3114
"2016-10-19 13:15:31"	487	4	2614	"{\"field\":\"highest_layer\",\"aggregations\":[],\"groupPriority\":0}"	3114	3115
"2016-10-19 13:16:20"	487	4	2618	"{\"field\":\"ip_src\",\"aggregations\":[],\"groupPriority\":0}"	3115	3119
"2016-10-19 13:16:32"	487	4	2619	"{\"field\":\"ip_dst\",\"aggregations\":[],\"groupPriority\":1}"	3119	3120
"2016-10-19 13:18:41"	487	4	2634	"{\"field\":\"tcp_stream\",\"term\":\"0\",\"condition\":64}"	3120	3135
"2016-10-19 13:19:56"	487	4	2644	"{\"field\":\"info_line\",\"term\":\"[SYN, ACK]\",\"condition\":16}"	3135	3147
"2016-10-19 13:20:10"	487	4	2648	"{\"field\":\"tcp_srcport\",\"aggregations\":[],\"groupPriority\":1}"	3135	3151
"2016-10-19 13:24:54"	492	4	2668	"{\"field\":\"info_line\",\"term\":\"[SYN, ACK]\",\"condition\":16}"	3173	3176
"2016-10-19 13:25:17"	492	4	2670	"{\"field\":\"tcp_dstport\",\"aggregations\":[],\"groupPriority\":0}"	3176	3178
"2016-10-19 13:27:59"	494	4	2679	"{\"field\":\"eth_src\",\"aggregations\":[],\"groupPriority\":0}"	3186	3189
"2016-10-19 13:28:09"	494	4	2681	"{\"field\":\"ip_src\",\"aggregations\":[],\"groupPriority\":1}"	3189	3191
"2016-10-19 13:28:50"	494	4	2684	"{\"field\":\"highest_layer\",\"aggregations\":[],\"groupPriority\":0}"	3186	3195
"2016-10-19 13:29:32"	494	4	2686	"{\"field\":\"ip_dst\",\"aggregations\":[],\"groupPriority\":1}"	3195	3197
"2016-10-19 13:29:37"	494	4	2687	"{\"field\":\"ip_src\",\"aggregations\":[],\"groupPriority\":0}"	3195	3198
"2016-10-19 13:30:34"	494	4	2690	"{\"field\":\"tcp_stream\",\"term\":\"0\",\"condition\":64}"	3198	3202
"2016-10-19 13:32:36"	494	4	2700	"{\"field\":\"info_line\",\"term\":\"[SYN, ACK]\",\"condition\":16}"	3198	3213
"2016-10-19 13:33:04"	494	4	2703	"{\"field\":\"tcp_srcport\",\"aggregations\":[],\"groupPriority\":1}"	3213	3216
"2016-10-19 13:28:41"	495	4	2682	"{\"field\":\"ip_src\",\"aggregations\":[],\"groupPriority\":0}"	3192	3193
"2016-10-19 13:28:46"	495	4	2683	"{\"field\":\"ip_dst\",\"aggregations\":[],\"groupPriority\":1}"	3192	3194
